kepid,kepoi_name,koi_disposition
10797460,K00752.01,CONFIRMED
10797460,K00752.02,CONFIRMED
10854555,K00755.01,CONFIRMED
10872983,K00756.01,CONFIRMED
10872983,K00756.02,CONFIRMED
10872983,K00756.03,CONFIRMED
10910878,K00757.01,CONFIRMED
11446443,K00001.01,CONFIRMED
10666592,K00002.01,CONFIRMED
6922244,K00010.01,CONFIRMED
10984090,K00112.02,CONFIRMED
10526549,K00746.01,CONFIRMED
10583066,K00747.01,CONFIRMED
10601284,K00749.01,CONFIRMED
10601284,K00749.02,CONFIRMED
10601284,K00749.03,CONFIRMED
10662202,K00750.01,CONFIRMED
10682541,K00751.01,CONFIRMED
11460018,K00769.01,CONFIRMED
11507101,K00773.01,CONFIRMED
10910878,K00757.02,CONFIRMED
10910878,K00757.03,CONFIRMED
10987985,K00758.01,CONFIRMED
11018648,K00759.01,CONFIRMED
11018648,K00759.02,CONFIRMED
11138155,K00760.01,CONFIRMED
11153539,K00762.01,CONFIRMED
9579641,K00115.01,CONFIRMED
11304958,K00764.01,CONFIRMED
11391957,K00765.01,CONFIRMED
11403044,K00766.01,CONFIRMED
11414511,K00767.01,CONFIRMED
12110942,K00786.01,CONFIRMED
12366084,K00787.01,CONFIRMED
12366084,K00787.02,CONFIRMED
12404086,K00788.01,CONFIRMED
8395660,K00116.01,CONFIRMED
9579641,K00115.02,CONFIRMED
11754553,K00775.01,CONFIRMED
11754553,K00775.02,CONFIRMED
11754553,K00775.03,CONFIRMED
11812062,K00776.01,CONFIRMED
11853255,K00778.01,CONFIRMED
11918099,K00780.01,CONFIRMED
11923270,K00781.01,CONFIRMED
11960862,K00782.01,CONFIRMED
12020329,K00783.01,CONFIRMED
12066335,K00784.01,CONFIRMED
12066335,K00784.02,CONFIRMED
12070811,K00785.01,CONFIRMED
8395660,K00116.02,CONFIRMED
3342970,K00800.01,CONFIRMED
3342970,K00800.02,CONFIRMED
12470844,K00790.01,CONFIRMED
12470844,K00790.02,CONFIRMED
12644822,K00791.01,CONFIRMED
2713049,K00794.01,CONFIRMED
3114167,K00795.01,CONFIRMED
4139816,K00812.02,CONFIRMED
4139816,K00812.03,CONFIRMED
8395660,K00116.04,CONFIRMED
4139816,K00812.04,CONFIRMED
4275191,K00813.01,CONFIRMED
4476123,K00814.01,CONFIRMED
3351888,K00801.01,CONFIRMED
3641726,K00804.01,CONFIRMED
3832474,K00806.01,CONFIRMED
8395660,K00116.03,CONFIRMED
3832474,K00806.02,CONFIRMED
3832474,K00806.03,CONFIRMED
3935914,K00809.01,CONFIRMED
3940418,K00810.01,CONFIRMED
4049131,K00811.01,CONFIRMED
4139816,K00812.01,CONFIRMED
5358241,K00829.01,CONFIRMED
10875245,K00117.02,CONFIRMED
5358241,K00829.02,CONFIRMED
5358241,K00829.03,CONFIRMED
5358624,K00830.01,CONFIRMED
4664847,K00816.01,CONFIRMED
4725681,K00817.01,CONFIRMED
4725681,K00817.02,CONFIRMED
4913852,K00818.01,CONFIRMED
10875245,K00117.01,CONFIRMED
5021899,K00821.01,CONFIRMED
5164255,K00824.01,CONFIRMED
5252423,K00825.01,CONFIRMED
5252423,K00825.02,CONFIRMED
5272878,K00826.01,CONFIRMED
5651104,K00840.01,CONFIRMED
5792202,K00841.01,CONFIRMED
10875245,K00117.04,CONFIRMED
5792202,K00841.02,CONFIRMED
5436502,K00834.01,CONFIRMED
5436502,K00834.02,CONFIRMED
5436502,K00834.03,CONFIRMED
5436502,K00834.04,CONFIRMED
10875245,K00117.03,CONFIRMED
5436502,K00834.05,CONFIRMED
5456651,K00835.01,CONFIRMED
5456651,K00835.02,CONFIRMED
5531576,K00837.01,CONFIRMED
5531576,K00837.02,CONFIRMED
6291653,K00850.01,CONFIRMED
6392727,K00851.01,CONFIRMED
6422070,K00852.01,CONFIRMED
6428700,K00853.01,CONFIRMED
6428700,K00853.02,CONFIRMED
5792202,K00841.03,CONFIRMED
5794379,K00842.01,CONFIRMED
5794379,K00842.02,CONFIRMED
5881688,K00843.01,CONFIRMED
6022556,K00844.01,CONFIRMED
6032497,K00845.01,CONFIRMED
6061119,K00846.01,CONFIRMED
6191521,K00847.01,CONFIRMED
3531558,K00118.01,CONFIRMED
6276477,K00849.01,CONFIRMED
6863998,K00867.01,CONFIRMED
6948054,K00869.01,CONFIRMED
6948054,K00869.02,CONFIRMED
6948054,K00869.03,CONFIRMED
6435936,K00854.01,CONFIRMED
6522242,K00855.01,CONFIRMED
6587280,K00857.01,CONFIRMED
9471974,K00119.01,CONFIRMED
6587280,K00857.02,CONFIRMED
6685526,K00861.01,CONFIRMED
6784235,K00863.01,CONFIRMED
6849310,K00864.01,CONFIRMED
6849310,K00864.02,CONFIRMED
6849310,K00864.03,CONFIRMED
9471974,K00119.02,CONFIRMED
7366258,K00880.01,CONFIRMED
7366258,K00880.02,CONFIRMED
7366258,K00880.03,CONFIRMED
7366258,K00880.04,CONFIRMED
7373451,K00881.01,CONFIRMED
6948054,K00869.04,CONFIRMED
6949607,K00870.01,CONFIRMED
6949607,K00870.02,CONFIRMED
7109675,K00872.01,CONFIRMED
7109675,K00872.02,CONFIRMED
7118364,K00873.01,CONFIRMED
7134976,K00874.01,CONFIRMED
7134976,K00874.02,CONFIRMED
7135852,K00875.01,CONFIRMED
7287995,K00877.01,CONFIRMED
7287995,K00877.02,CONFIRMED
7287995,K00877.03,CONFIRMED
7303253,K00878.01,CONFIRMED
5094751,K00123.01,CONFIRMED
7678434,K00892.01,CONFIRMED
7678434,K00892.02,CONFIRMED
7685981,K00893.01,CONFIRMED
7373451,K00881.02,CONFIRMED
7434875,K00884.01,CONFIRMED
8349582,K00122.01,CONFIRMED
7434875,K00884.02,CONFIRMED
7434875,K00884.03,CONFIRMED
7455287,K00886.01,CONFIRMED
7455287,K00886.02,CONFIRMED
7455287,K00886.03,CONFIRMED
7458762,K00887.01,CONFIRMED
757450,K00889.01,CONFIRMED
7585481,K00890.01,CONFIRMED
7663691,K00891.01,CONFIRMED
5812701,K00012.01,CONFIRMED
8039892,K00903.01,CONFIRMED
8150320,K00904.01,CONFIRMED
8150320,K00904.02,CONFIRMED
11086270,K00124.01,CONFIRMED
7825899,K00896.01,CONFIRMED
7825899,K00896.02,CONFIRMED
7849854,K00897.01,CONFIRMED
7870390,K00898.01,CONFIRMED
7870390,K00898.02,CONFIRMED
5094751,K00123.02,CONFIRMED
7870390,K00898.03,CONFIRMED
7907423,K00899.01,CONFIRMED
7907423,K00899.02,CONFIRMED
7907423,K00899.03,CONFIRMED
7938496,K00900.01,CONFIRMED
8490993,K00911.01,CONFIRMED
8490993,K00911.02,CONFIRMED
8505670,K00912.01,CONFIRMED
8505670,K00912.02,CONFIRMED
8544996,K00913.01,CONFIRMED
8150320,K00904.03,CONFIRMED
8150320,K00904.04,CONFIRMED
8150320,K00904.05,CONFIRMED
8226994,K00906.01,CONFIRMED
8226994,K00906.02,CONFIRMED
8226994,K00906.03,CONFIRMED
8247638,K00907.01,CONFIRMED
8247638,K00907.02,CONFIRMED
8247638,K00907.03,CONFIRMED
11086270,K00124.02,CONFIRMED
8247638,K00907.04,CONFIRMED
8255887,K00908.01,CONFIRMED
8414716,K00910.01,CONFIRMED
9141746,K00929.01,CONFIRMED
9166862,K00931.01,CONFIRMED
11449844,K00125.01,CONFIRMED
8628973,K00916.01,CONFIRMED
8672910,K00918.01,CONFIRMED
8689031,K00920.01,CONFIRMED
8689373,K00921.01,CONFIRMED
8689373,K00921.02,CONFIRMED
8689373,K00921.03,CONFIRMED
8826878,K00922.01,CONFIRMED
8883593,K00923.01,CONFIRMED
9077124,K00926.01,CONFIRMED
9466668,K00939.01,CONFIRMED
9466668,K00939.02,CONFIRMED
9466668,K00939.03,CONFIRMED
9466668,K00939.04,CONFIRMED
9479273,K00940.01,CONFIRMED
8359498,K00127.01,CONFIRMED
9334289,K00934.01,CONFIRMED
9334289,K00934.02,CONFIRMED
9334289,K00934.03,CONFIRMED
9347899,K00935.01,CONFIRMED
9347899,K00935.02,CONFIRMED
9347899,K00935.03,CONFIRMED
9388479,K00936.01,CONFIRMED
9388479,K00936.02,CONFIRMED
11359879,K00128.01,CONFIRMED
9406990,K00937.01,CONFIRMED
9415172,K00938.01,CONFIRMED
9415172,K00938.02,CONFIRMED
9415172,K00938.03,CONFIRMED
3231341,K01102.02,CONFIRMED
3231341,K01102.03,CONFIRMED
3231341,K01102.04,CONFIRMED
7626506,K00150.02,CONFIRMED
10482160,K01170.01,CONFIRMED
8559644,K00139.01,CONFIRMED
3240158,K01106.01,CONFIRMED
3240158,K01106.02,CONFIRMED
3218908,K01108.01,CONFIRMED
10350571,K01175.01,CONFIRMED
10350571,K01175.02,CONFIRMED
3749365,K01176.01,CONFIRMED
3632418,K00975.01,CONFIRMED
5809890,K01050.01,CONFIRMED
5809890,K01050.02,CONFIRMED
6131236,K01051.01,CONFIRMED
3218908,K01108.02,CONFIRMED
3218908,K01108.03,CONFIRMED
2837111,K01110.01,CONFIRMED
9032900,K00134.01,CONFIRMED
5956342,K01052.01,CONFIRMED
5956342,K01052.02,CONFIRMED
5956342,K01052.03,CONFIRMED
5956342,K01052.04,CONFIRMED
5956656,K01053.01,CONFIRMED
3109930,K01112.01,CONFIRMED
2854914,K01113.01,CONFIRMED
2854914,K01113.02,CONFIRMED
3116412,K01115.01,CONFIRMED
8394721,K00152.01,CONFIRMED
1161345,K00984.01,CONFIRMED
2854698,K00986.01,CONFIRMED
2854698,K00986.02,CONFIRMED
8559644,K00139.02,CONFIRMED
2849805,K01116.01,CONFIRMED
3114811,K01117.01,CONFIRMED
3554031,K01194.01,CONFIRMED
3554031,K01194.03,CONFIRMED
8394721,K00152.02,CONFIRMED
7295235,K00987.01,CONFIRMED
2302548,K00988.01,CONFIRMED
2302548,K00988.02,CONFIRMED
9818381,K00135.01,CONFIRMED
6060203,K01059.01,CONFIRMED
5880320,K01060.01,CONFIRMED
5880320,K01060.02,CONFIRMED
5880320,K01060.03,CONFIRMED
3859079,K01199.01,CONFIRMED
4061149,K01201.01,CONFIRMED
3444588,K01202.01,CONFIRMED
8394721,K00152.03,CONFIRMED
3962243,K01203.01,CONFIRMED
10154388,K00991.01,CONFIRMED
1432789,K00992.01,CONFIRMED
1718189,K00993.01,CONFIRMED
5880320,K01060.04,CONFIRMED
6037187,K01061.01,CONFIRMED
5735762,K00148.01,CONFIRMED
6359320,K01127.01,CONFIRMED
3859628,K01191.01,CONFIRMED
1718189,K00993.02,CONFIRMED
8222813,K01069.01,CONFIRMED
6359320,K01127.02,CONFIRMED
6362874,K01128.01,CONFIRMED
6272413,K01129.01,CONFIRMED
3447722,K01198.01,CONFIRMED
3447722,K01198.02,CONFIRMED
3447722,K01198.03,CONFIRMED
2165002,K00999.01,CONFIRMED
2165002,K00999.02,CONFIRMED
1871056,K01001.01,CONFIRMED
8222813,K01069.02,CONFIRMED
8240904,K01070.01,CONFIRMED
8240904,K01070.02,CONFIRMED
5735762,K00148.02,CONFIRMED
3962243,K01203.02,CONFIRMED
3962243,K01203.03,CONFIRMED
3438507,K01204.01,CONFIRMED
3869014,K01205.01,CONFIRMED
1871056,K01001.02,CONFIRMED
1865042,K01002.01,CONFIRMED
5780460,K01005.01,CONFIRMED
8229696,K01072.01,CONFIRMED
10272640,K01074.01,CONFIRMED
8346392,K01141.01,CONFIRMED
8288947,K01142.01,CONFIRMED
9480189,K00941.01,CONFIRMED
11974540,K00129.01,CONFIRMED
9480189,K00941.02,CONFIRMED
9480189,K00941.03,CONFIRMED
9512687,K00942.01,CONFIRMED
8644288,K00137.01,CONFIRMED
1725016,K01007.01,CONFIRMED
5446285,K00142.01,CONFIRMED
10166274,K01078.01,CONFIRMED
10166274,K01078.02,CONFIRMED
10166274,K01078.03,CONFIRMED
5735762,K00148.03,CONFIRMED
8351704,K01146.01,CONFIRMED
9513865,K00943.01,CONFIRMED
9605514,K00945.01,CONFIRMED
9605514,K00945.02,CONFIRMED
8125580,K01014.01,CONFIRMED
8158127,K01015.01,CONFIRMED
10141900,K01082.01,CONFIRMED
10141900,K01082.02,CONFIRMED
10141900,K01082.03,CONFIRMED
8410727,K01148.01,CONFIRMED
8410727,K01148.02,CONFIRMED
8278371,K01150.01,CONFIRMED
8280511,K01151.01,CONFIRMED
8280511,K01151.02,CONFIRMED
9710326,K00947.01,CONFIRMED
9761882,K00948.01,CONFIRMED
9766437,K00949.01,CONFIRMED
9775938,K00951.01,CONFIRMED
8644288,K00137.02,CONFIRMED
8158127,K01015.02,CONFIRMED
8174625,K01017.01,CONFIRMED
10157458,K01083.01,CONFIRMED
10118816,K01085.01,CONFIRMED
10122255,K01086.01,CONFIRMED
3835670,K00149.01,CONFIRMED
9775938,K00951.02,CONFIRMED
9787239,K00952.01,CONFIRMED
9787239,K00952.02,CONFIRMED
9787239,K00952.03,CONFIRMED
9787239,K00952.04,CONFIRMED
9787239,K00952.05,CONFIRMED
2716853,K01022.01,CONFIRMED
2715135,K01024.01,CONFIRMED
8644288,K00137.03,CONFIRMED
3247268,K01089.01,CONFIRMED
3247268,K01089.02,CONFIRMED
10354039,K01159.01,CONFIRMED
10330115,K01160.01,CONFIRMED
10426656,K01161.01,CONFIRMED
9820483,K00953.01,CONFIRMED
9941662,K00013.01,CONFIRMED
7778437,K00131.01,CONFIRMED
9823457,K00954.01,CONFIRMED
9823457,K00954.02,CONFIRMED
2164169,K01029.01,CONFIRMED
2574338,K01030.01,CONFIRMED
2584163,K01031.01,CONFIRMED
4180280,K00144.01,CONFIRMED
2721030,K01094.01,CONFIRMED
7626506,K00150.01,CONFIRMED
10426656,K01161.02,CONFIRMED
10426656,K01161.03,CONFIRMED
10528068,K01162.01,CONFIRMED
10468940,K01163.01,CONFIRMED
9825625,K00955.01,CONFIRMED
9875711,K00956.01,CONFIRMED
1026957,K00958.01,CONFIRMED
2853093,K01099.01,CONFIRMED
3245969,K01101.01,CONFIRMED
3231341,K01102.01,CONFIRMED
10468940,K01163.02,CONFIRMED
10337517,K01165.01,CONFIRMED
10337517,K01165.02,CONFIRMED
10351231,K01166.01,CONFIRMED
8561063,K00961.01,CONFIRMED
8561063,K00961.02,CONFIRMED
8561063,K00961.03,CONFIRMED
7102227,K01360.01,CONFIRMED
7102227,K01360.02,CONFIRMED
7102227,K01360.03,CONFIRMED
6960913,K01361.01,CONFIRMED
11122894,K01426.02,CONFIRMED
11122894,K01426.03,CONFIRMED
11129738,K01427.01,CONFIRMED
11401182,K01428.01,CONFIRMED
11030711,K01429.01,CONFIRMED
11512246,K00168.03,CONFIRMED
6690082,K01240.01,CONFIRMED
6690082,K01240.02,CONFIRMED
6448890,K01241.01,CONFIRMED
6448890,K01241.02,CONFIRMED
10730034,K01305.01,CONFIRMED
10730034,K01305.02,CONFIRMED
10858691,K01306.01,CONFIRMED
10858691,K01306.02,CONFIRMED
10858691,K01306.03,CONFIRMED
8107380,K00162.01,CONFIRMED
6936909,K01363.01,CONFIRMED
6936909,K01363.02,CONFIRMED
6962977,K01364.01,CONFIRMED
6962977,K01364.02,CONFIRMED
11176127,K01430.01,CONFIRMED
11176127,K01430.02,CONFIRMED
11176127,K01430.03,CONFIRMED
11014932,K01432.01,CONFIRMED
8030148,K00155.01,CONFIRMED
6693640,K01245.01,CONFIRMED
10858691,K01306.04,CONFIRMED
10973814,K01307.01,CONFIRMED
10973814,K01307.02,CONFIRMED
6541920,K00157.05,CONFIRMED
10586208,K01308.01,CONFIRMED
6962977,K01364.03,CONFIRMED
6962977,K01364.04,CONFIRMED
6962977,K01364.05,CONFIRMED
6932987,K01366.01,CONFIRMED
11014932,K01432.02,CONFIRMED
11014932,K01432.03,CONFIRMED
11014932,K01432.04,CONFIRMED
11288505,K01433.01,CONFIRMED
11493431,K01434.01,CONFIRMED
10854768,K01309.01,CONFIRMED
10964440,K01310.01,CONFIRMED
10713616,K01311.01,CONFIRMED
10963242,K01312.01,CONFIRMED
6932987,K01366.02,CONFIRMED
8191672,K00018.01,CONFIRMED
6851425,K00163.01,CONFIRMED
6934291,K01367.01,CONFIRMED
11037335,K01435.01,CONFIRMED
11037335,K01435.02,CONFIRMED
11389771,K01436.01,CONFIRMED
11389771,K01436.02,CONFIRMED
10925104,K00156.01,CONFIRMED
10585852,K01314.01,CONFIRMED
10794087,K01316.01,CONFIRMED
6541920,K00157.06,CONFIRMED
7287415,K01369.01,CONFIRMED
6924203,K01370.01,CONFIRMED
11389771,K01436.03,CONFIRMED
11599038,K01437.01,CONFIRMED
11193263,K01438.01,CONFIRMED
11027624,K01439.01,CONFIRMED
11032227,K01440.01,CONFIRMED
8751933,K01257.01,CONFIRMED
8630788,K01258.01,CONFIRMED
8630788,K01258.02,CONFIRMED
8630788,K01258.03,CONFIRMED
4164994,K01320.01,CONFIRMED
6766634,K01375.01,CONFIRMED
7211469,K01377.01,CONFIRMED
7831264,K00171.01,CONFIRMED
7532973,K01450.01,CONFIRMED
8678594,K01261.01,CONFIRMED
10925104,K00156.02,CONFIRMED
8678594,K01261.02,CONFIRMED
4076098,K01323.01,CONFIRMED
4282872,K01325.01,CONFIRMED
7211221,K01379.01,CONFIRMED
11356260,K01441.01,CONFIRMED
11600889,K01442.01,CONFIRMED
11043167,K01444.01,CONFIRMED
8612847,K01264.01,CONFIRMED
8547140,K01266.01,CONFIRMED
4072526,K01329.01,CONFIRMED
4455231,K01332.01,CONFIRMED
9527915,K00165.01,CONFIRMED
11336883,K01445.01,CONFIRMED
8564587,K01270.01,CONFIRMED
10925104,K00156.03,CONFIRMED
8564587,K01270.02,CONFIRMED
8806072,K01273.01,CONFIRMED
4455231,K01332.02,CONFIRMED
4455231,K01332.03,CONFIRMED
8972058,K00159.01,CONFIRMED
7832356,K01456.01,CONFIRMED
9643874,K01457.01,CONFIRMED
8800954,K01274.01,CONFIRMED
8583696,K01275.01,CONFIRMED
8804283,K01276.01,CONFIRMED
8804283,K01276.02,CONFIRMED
4155328,K01335.01,CONFIRMED
4077526,K01336.01,CONFIRMED
4077526,K01336.02,CONFIRMED
4077526,K01336.03,CONFIRMED
4077526,K01336.04,CONFIRMED
8935810,K01395.01,CONFIRMED
2441495,K00166.01,CONFIRMED
9455556,K01396.01,CONFIRMED
9455556,K01396.02,CONFIRMED
3732821,K01207.01,CONFIRMED
3962357,K01210.01,CONFIRMED
8394721,K00152.04,CONFIRMED
8609450,K01278.01,CONFIRMED
6541920,K00157.01,CONFIRMED
8609450,K01278.02,CONFIRMED
8609450,K01278.03,CONFIRMED
8609450,K01278.04,CONFIRMED
4243911,K01337.01,CONFIRMED
4466677,K01338.01,CONFIRMED
4135665,K01339.01,CONFIRMED
9269281,K01398.01,CONFIRMED
9034103,K01402.01,CONFIRMED
9214942,K01403.01,CONFIRMED
3749134,K01212.01,CONFIRMED
3660924,K01214.01,CONFIRMED
3939150,K01215.01,CONFIRMED
8628758,K01279.01,CONFIRMED
8628758,K01279.02,CONFIRMED
8742590,K01281.01,CONFIRMED
8822366,K01282.01,CONFIRMED
8972058,K00159.02,CONFIRMED
4650674,K01341.01,CONFIRMED
4275721,K01342.01,CONFIRMED
4275721,K01342.02,CONFIRMED
8874090,K01404.01,CONFIRMED
11666881,K00167.01,CONFIRMED
9264949,K01405.01,CONFIRMED
9271752,K01406.01,CONFIRMED
9150827,K01408.01,CONFIRMED
3939150,K01215.02,CONFIRMED
3839488,K01216.01,CONFIRMED
3442055,K01218.01,CONFIRMED
12252424,K00153.01,CONFIRMED
8700771,K01283.01,CONFIRMED
6541920,K00157.02,CONFIRMED
4136466,K01344.01,CONFIRMED
9391208,K01409.01,CONFIRMED
9391506,K01410.01,CONFIRMED
8950853,K01412.01,CONFIRMED
9006449,K01413.01,CONFIRMED
9006449,K01413.02,CONFIRMED
9006449,K01413.03,CONFIRMED
4043190,K01220.01,CONFIRMED
3640905,K01221.01,CONFIRMED
3640905,K01221.02,CONFIRMED
10790387,K01288.01,CONFIRMED
7303287,K01353.01,CONFIRMED
7303287,K01353.02,CONFIRMED
11512246,K00168.01,CONFIRMED
11517719,K01416.01,CONFIRMED
12252424,K00153.02,CONFIRMED
10874614,K00017.01,CONFIRMED
6541920,K00157.03,CONFIRMED
7211141,K01355.01,CONFIRMED
7376983,K01358.01,CONFIRMED
5084942,K00161.01,CONFIRMED
11497958,K01422.01,CONFIRMED
11497958,K01422.02,CONFIRMED
11512246,K00168.02,CONFIRMED
10604335,K01298.01,CONFIRMED
10604335,K01298.02,CONFIRMED
10864656,K01299.01,CONFIRMED
10975146,K01300.01,CONFIRMED
10538176,K01301.01,CONFIRMED
7376983,K01358.02,CONFIRMED
7376983,K01358.03,CONFIRMED
7376983,K01358.04,CONFIRMED
6946199,K01359.01,CONFIRMED
11497958,K01422.03,CONFIRMED
11177707,K01423.01,CONFIRMED
11611600,K01424.01,CONFIRMED
11254382,K01425.01,CONFIRMED
11122894,K01426.01,CONFIRMED
6677841,K01236.01,CONFIRMED
6677841,K01236.02,CONFIRMED
6677841,K01236.03,CONFIRMED
6383821,K01238.01,CONFIRMED
10538176,K01301.02,CONFIRMED
10724369,K01302.01,CONFIRMED
6541920,K00157.04,CONFIRMED
10744335,K01304.01,CONFIRMED
4860678,K01602.01,CONFIRMED
5177104,K01603.01,CONFIRMED
8230616,K01713.02,CONFIRMED
9836959,K01715.01,CONFIRMED
9838949,K01716.01,CONFIRMED
9895006,K01717.01,CONFIRMED
9896558,K01718.01,CONFIRMED
9589323,K01488.01,CONFIRMED
9823487,K01489.01,CONFIRMED
9726659,K01491.01,CONFIRMED
5371776,K01557.01,CONFIRMED
5371776,K01557.02,CONFIRMED
5371776,K01557.03,CONFIRMED
9573539,K00180.01,CONFIRMED
5371776,K01557.04,CONFIRMED
9886661,K01606.01,CONFIRMED
10055126,K01608.01,CONFIRMED
10055126,K01608.02,CONFIRMED
5009743,K01609.01,CONFIRMED
10015937,K01720.01,CONFIRMED
10019065,K01721.01,CONFIRMED
7950644,K00192.01,CONFIRMED
10080248,K01722.01,CONFIRMED
10213902,K01723.01,CONFIRMED
11821363,K01494.01,CONFIRMED
7629518,K01495.01,CONFIRMED
10810838,K00174.01,CONFIRMED
10963065,K01612.01,CONFIRMED
6268648,K01613.01,CONFIRMED
5357901,K00188.01,CONFIRMED
4278221,K01615.01,CONFIRMED
10214162,K01724.01,CONFIRMED
10905746,K01725.01,CONFIRMED
8242434,K01726.01,CONFIRMED
6185331,K01727.01,CONFIRMED
9636135,K01498.01,CONFIRMED
9636135,K01498.02,CONFIRMED
7841925,K01499.01,CONFIRMED
7841925,K01499.03,CONFIRMED
5219234,K01563.01,CONFIRMED
5219234,K01563.02,CONFIRMED
5219234,K01563.03,CONFIRMED
5219234,K01563.04,CONFIRMED
9015738,K01616.01,CONFIRMED
7215603,K01618.01,CONFIRMED
5561278,K01621.01,CONFIRMED
6387542,K01626.01,CONFIRMED
6869184,K01732.01,CONFIRMED
6604328,K01736.01,CONFIRMED
7439316,K01501.01,CONFIRMED
12400538,K01503.01,CONFIRMED
5184584,K01564.01,CONFIRMED
5438099,K01567.01,CONFIRMED
5438099,K01567.02,CONFIRMED
6543893,K01627.01,CONFIRMED
6543893,K01627.02,CONFIRMED
6975129,K01628.01,CONFIRMED
11391018,K00189.01,CONFIRMED
8685497,K01629.01,CONFIRMED
4365645,K01738.01,CONFIRMED
8197343,K01746.01,CONFIRMED
6786348,K01749.01,CONFIRMED
6209677,K01750.01,CONFIRMED
9813499,K01505.01,CONFIRMED
12254792,K01506.01,CONFIRMED
12020218,K01507.01,CONFIRMED
7690844,K01508.01,CONFIRMED
5438099,K01567.03,CONFIRMED
5438099,K01567.04,CONFIRMED
8009350,K01569.01,CONFIRMED
8082001,K01570.01,CONFIRMED
9277896,K01632.01,CONFIRMED
9401997,K01633.01,CONFIRMED
10686864,K01637.01,CONFIRMED
9631995,K00022.01,CONFIRMED
7901948,K01511.01,CONFIRMED
6442377,K00176.01,CONFIRMED
10004519,K01572.01,CONFIRMED
5031857,K01573.01,CONFIRMED
10879038,K01641.01,CONFIRMED
10990917,K01643.01,CONFIRMED
11046025,K01646.01,CONFIRMED
9729691,K01751.01,CONFIRMED
9729691,K01751.02,CONFIRMED
10904857,K00194.01,CONFIRMED
8651389,K01754.01,CONFIRMED
7871954,K01515.01,CONFIRMED
7871954,K01515.02,CONFIRMED
12418724,K01516.01,CONFIRMED
7456001,K01517.01,CONFIRMED
10028792,K01574.01,CONFIRMED
10028792,K01574.02,CONFIRMED
5299459,K01576.01,CONFIRMED
11153121,K01647.01,CONFIRMED
11153121,K01647.02,CONFIRMED
11177543,K01648.01,CONFIRMED
11337141,K01649.01,CONFIRMED
3967760,K01760.01,CONFIRMED
3967760,K01760.02,CONFIRMED
7549209,K01518.01,CONFIRMED
7663405,K01519.01,CONFIRMED
9765975,K01520.01,CONFIRMED
9818462,K01521.01,CONFIRMED
6803202,K00177.01,CONFIRMED
5299459,K01576.02,CONFIRMED
9651668,K00183.01,CONFIRMED
12506770,K01577.01,CONFIRMED
11337372,K01650.01,CONFIRMED
11337833,K01651.01,CONFIRMED
11547505,K01655.01,CONFIRMED
11502867,K00195.01,CONFIRMED
9909735,K01779.01,CONFIRMED
9909735,K01779.02,CONFIRMED
11551692,K01781.01,CONFIRMED
11551692,K01781.02,CONFIRMED
12266636,K01522.01,CONFIRMED
7869917,K01525.01,CONFIRMED
9824805,K01526.01,CONFIRMED
7939330,K01581.01,CONFIRMED
7939330,K01581.02,CONFIRMED
12602568,K01583.01,CONFIRMED
9941066,K01584.01,CONFIRMED
5972334,K00191.01,CONFIRMED
4650733,K01659.01,CONFIRMED
7831264,K00171.02,CONFIRMED
7691260,K01528.01,CONFIRMED
9821454,K01529.01,CONFIRMED
9821454,K01529.02,CONFIRMED
11954842,K01530.01,CONFIRMED
5470739,K01585.01,CONFIRMED
10022908,K01586.01,CONFIRMED
5617854,K01588.01,CONFIRMED
4932442,K01665.01,CONFIRMED
5183357,K01669.01,CONFIRMED
5269467,K01672.01,CONFIRMED
11764462,K01531.01,CONFIRMED
11656246,K01532.01,CONFIRMED
7808587,K01533.01,CONFIRMED
4741126,K01534.01,CONFIRMED
5301750,K01589.01,CONFIRMED
5301750,K01589.02,CONFIRMED
5301750,K01589.03,CONFIRMED
5301750,K01589.04,CONFIRMED
5301750,K01589.05,CONFIRMED
5526717,K01677.01,CONFIRMED
5972334,K00191.02,CONFIRMED
6034945,K01683.01,CONFIRMED
8692861,K00172.01,CONFIRMED
9480310,K01470.01,CONFIRMED
4741126,K01534.02,CONFIRMED
11669125,K01535.01,CONFIRMED
12159249,K01536.01,CONFIRMED
5542466,K01590.02,CONFIRMED
10028140,K01591.01,CONFIRMED
6049190,K01685.01,CONFIRMED
6198999,K01687.01,CONFIRMED
6310636,K01688.01,CONFIRMED
6616218,K01692.01,CONFIRMED
7761545,K01472.01,CONFIRMED
12365184,K01474.01,CONFIRMED
4770365,K01475.01,CONFIRMED
4770365,K01475.02,CONFIRMED
4770365,K01475.03,CONFIRMED
10748390,K00003.01,CONFIRMED
11804465,K00020.01,CONFIRMED
9663113,K00179.01,CONFIRMED
5289854,K01593.01,CONFIRMED
5289854,K01593.02,CONFIRMED
10006581,K01595.01,CONFIRMED
6616218,K01692.02,CONFIRMED
7220429,K01700.01,CONFIRMED
12406749,K01476.01,CONFIRMED
8692861,K00172.02,CONFIRMED
12403119,K01478.01,CONFIRMED
10027323,K01596.01,CONFIRMED
10027323,K01596.02,CONFIRMED
12019440,K00186.01,CONFIRMED
10004738,K01598.01,CONFIRMED
10004738,K01598.02,CONFIRMED
7304449,K01702.01,CONFIRMED
7386827,K01704.01,CONFIRMED
7522911,K01705.01,CONFIRMED
7626370,K01706.01,CONFIRMED
7703955,K01707.01,CONFIRMED
7512982,K01480.01,CONFIRMED
9597806,K01481.01,CONFIRMED
9663113,K00179.02,CONFIRMED
10004738,K01598.03,CONFIRMED
5474613,K01599.01,CONFIRMED
5438757,K01601.01,CONFIRMED
5438757,K01601.02,CONFIRMED
5972334,K00191.04,CONFIRMED
7815744,K01710.01,CONFIRMED
7955580,K01711.01,CONFIRMED
8230616,K01713.01,CONFIRMED
7898352,K01486.01,CONFIRMED
11402995,K00173.01,CONFIRMED
7898352,K01486.02,CONFIRMED
7951018,K01553.01,CONFIRMED
7747425,K01952.04,CONFIRMED
9892816,K01955.01,CONFIRMED
9892816,K01955.02,CONFIRMED
9836149,K01958.01,CONFIRMED
4813563,K01959.01,CONFIRMED
2985767,K02032.01,CONFIRMED
2304320,K02033.01,CONFIRMED
3657758,K02034.01,CONFIRMED
9790806,K02035.01,CONFIRMED
6382217,K02036.01,CONFIRMED
5375194,K01825.01,CONFIRMED
6468138,K01826.01,CONFIRMED
10019708,K00199.01,CONFIRMED
11875734,K01828.01,CONFIRMED
7046804,K00205.01,CONFIRMED
7449136,K01890.01,CONFIRMED
8680979,K01891.01,CONFIRMED
8680979,K01891.02,CONFIRMED
9030537,K01892.01,CONFIRMED
6949061,K01960.01,CONFIRMED
7269493,K01961.01,CONFIRMED
11657891,K01965.01,CONFIRMED
6305192,K00219.01,CONFIRMED
6382217,K02036.02,CONFIRMED
9634821,K02037.01,CONFIRMED
8950568,K02038.01,CONFIRMED
3326377,K01830.01,CONFIRMED
11601584,K01831.01,CONFIRMED
11601584,K01831.02,CONFIRMED
11601584,K01831.03,CONFIRMED
11601584,K01831.04,CONFIRMED
8689793,K01893.01,CONFIRMED
11673802,K01894.01,CONFIRMED
4263293,K01895.01,CONFIRMED
4263293,K01895.02,CONFIRMED
4263293,K01895.03,CONFIRMED
5695524,K01897.01,CONFIRMED
6205897,K01967.01,CONFIRMED
7948784,K01968.01,CONFIRMED
9244756,K01969.01,CONFIRMED
9650808,K01970.01,CONFIRMED
9650808,K01970.02,CONFIRMED
8950568,K02038.02,CONFIRMED
8950568,K02038.03,CONFIRMED
8950568,K02038.04,CONFIRMED
8804845,K02039.01,CONFIRMED
10480915,K02040.01,CONFIRMED
11709244,K01832.01,CONFIRMED
11709244,K01832.02,CONFIRMED
11709244,K01832.03,CONFIRMED
11853878,K01833.01,CONFIRMED
5728139,K00206.01,CONFIRMED
7668663,K01898.01,CONFIRMED
7047922,K01899.01,CONFIRMED
9353314,K01900.01,CONFIRMED
3629967,K01901.01,CONFIRMED
9347009,K01971.01,CONFIRMED
4917596,K01973.01,CONFIRMED
11046458,K00214.01,CONFIRMED
7132798,K00220.01,CONFIRMED
3448130,K02043.01,CONFIRMED
9656252,K02044.01,CONFIRMED
6026438,K02045.01,CONFIRMED
9471268,K01835.01,CONFIRMED
9471268,K01835.02,CONFIRMED
9471268,K01835.03,CONFIRMED
10657406,K01837.01,CONFIRMED
5526527,K01838.01,CONFIRMED
8766650,K01904.01,CONFIRMED
10328393,K01905.01,CONFIRMED
7094486,K01907.01,CONFIRMED
7289577,K01974.01,CONFIRMED
8543100,K01975.01,CONFIRMED
2693736,K01976.01,CONFIRMED
9412760,K01977.01,CONFIRMED
9412760,K01977.02,CONFIRMED
6026438,K02045.02,CONFIRMED
10663396,K02046.01,CONFIRMED
11457726,K02047.01,CONFIRMED
8956206,K02048.01,CONFIRMED
9649706,K02049.01,CONFIRMED
5856571,K01839.01,CONFIRMED
7765528,K01840.01,CONFIRMED
11760231,K01841.01,CONFIRMED
7779077,K01842.01,CONFIRMED
6046540,K00200.01,CONFIRMED
5706966,K01908.01,CONFIRMED
3762468,K00208.01,CONFIRMED
5706966,K01908.02,CONFIRMED
10130039,K01909.01,CONFIRMED
10130039,K01909.02,CONFIRMED
9518318,K01978.01,CONFIRMED
9518318,K01978.02,CONFIRMED
7273277,K01979.01,CONFIRMED
11769890,K01980.01,CONFIRMED
6862721,K01982.01,CONFIRMED
12301181,K02059.01,CONFIRMED
9279354,K02060.01,CONFIRMED
6774880,K02062.01,CONFIRMED
3937519,K00221.01,CONFIRMED
7449541,K02063.01,CONFIRMED
5080636,K01843.01,CONFIRMED
3338885,K01845.01,CONFIRMED
3338885,K01845.02,CONFIRMED
6776401,K01847.01,CONFIRMED
10130039,K01909.03,CONFIRMED
8226050,K01910.01,CONFIRMED
9965957,K01911.01,CONFIRMED
9704384,K01913.01,CONFIRMED
8426567,K01914.01,CONFIRMED
10094670,K01984.01,CONFIRMED
8142942,K01985.01,CONFIRMED
8257205,K01986.01,CONFIRMED
9044228,K01988.01,CONFIRMED
7265298,K02051.01,CONFIRMED
7265298,K02051.02,CONFIRMED
7132798,K00220.02,CONFIRMED
2307415,K02053.01,CONFIRMED
7430034,K01848.01,CONFIRMED
9735426,K01849.01,CONFIRMED
8826168,K01850.01,CONFIRMED
10464050,K01851.01,CONFIRMED
9763348,K01852.01,CONFIRMED
9101496,K01915.01,CONFIRMED
6037581,K01916.01,CONFIRMED
10723750,K00209.01,CONFIRMED
6037581,K01916.02,CONFIRMED
6037581,K01916.03,CONFIRMED
10779233,K01989.01,CONFIRMED
11614617,K01990.01,CONFIRMED
11450414,K01992.01,CONFIRMED
4736569,K01996.01,CONFIRMED
10384798,K01997.01,CONFIRMED
2307415,K02053.02,CONFIRMED
3128552,K02055.01,CONFIRMED
10134152,K02056.01,CONFIRMED
9573685,K02057.01,CONFIRMED
10329835,K02058.01,CONFIRMED
6849046,K00201.01,CONFIRMED
8804397,K01853.01,CONFIRMED
9662811,K01854.01,CONFIRMED
11297236,K01857.01,CONFIRMED
10074466,K01917.01,CONFIRMED
8218379,K01920.01,CONFIRMED
7755636,K01921.01,CONFIRMED
9411166,K01922.01,CONFIRMED
4989057,K01923.01,CONFIRMED
9834040,K01998.01,CONFIRMED
6152974,K00216.01,CONFIRMED
8802693,K02000.01,CONFIRMED
6061773,K02001.01,CONFIRMED
10024701,K02002.01,CONFIRMED
3239671,K02066.01,CONFIRMED
9304101,K02067.01,CONFIRMED
11360571,K02069.01,CONFIRMED
6035124,K02071.01,CONFIRMED
8160953,K01858.01,CONFIRMED
4157325,K01860.01,CONFIRMED
4157325,K01860.02,CONFIRMED
4157325,K01860.03,CONFIRMED
9955598,K01925.01,CONFIRMED
10723750,K00209.02,CONFIRMED
5770074,K01928.01,CONFIRMED
10136549,K01929.01,CONFIRMED
12154526,K02004.01,CONFIRMED
6665512,K02005.01,CONFIRMED
10525027,K02006.01,CONFIRMED
11069176,K02007.01,CONFIRMED
10005758,K01783.01,CONFIRMED
5864975,K01787.01,CONFIRMED
2975770,K01788.01,CONFIRMED
7877496,K00202.01,CONFIRMED
7286173,K01862.01,CONFIRMED
11126381,K01863.01,CONFIRMED
4149450,K01864.01,CONFIRMED
10136549,K01929.02,CONFIRMED
5511081,K01930.01,CONFIRMED
5511081,K01930.02,CONFIRMED
5511081,K01930.03,CONFIRMED
5511081,K01930.04,CONFIRMED
10978763,K01931.01,CONFIRMED
11069176,K02007.02,CONFIRMED
6152974,K00216.02,CONFIRMED
5631630,K02010.01,CONFIRMED
6504954,K01790.01,CONFIRMED
9410930,K00196.01,CONFIRMED
10676014,K01797.01,CONFIRMED
9520838,K01866.01,CONFIRMED
8167996,K01867.01,CONFIRMED
8167996,K01867.02,CONFIRMED
8167996,K01867.03,CONFIRMED
6773862,K01868.01,CONFIRMED
10978763,K01931.02,CONFIRMED
10978763,K01931.03,CONFIRMED
5202905,K01932.01,CONFIRMED
9072190,K01933.01,CONFIRMED
5384079,K02011.01,CONFIRMED
9839821,K02012.01,CONFIRMED
4056616,K02013.01,CONFIRMED
8492026,K02016.01,CONFIRMED
11017901,K01800.01,CONFIRMED
5088591,K01801.01,CONFIRMED
11298298,K01802.01,CONFIRMED
10187159,K01870.01,CONFIRMED
9758089,K01871.01,CONFIRMED
10619192,K00203.01,CONFIRMED
4939346,K01873.01,CONFIRMED
10190777,K01937.01,CONFIRMED
9651234,K01938.01,CONFIRMED
7045496,K01939.01,CONFIRMED
8750043,K02017.01,CONFIRMED
9973109,K02018.01,CONFIRMED
6226290,K02019.01,CONFIRMED
9595827,K00217.01,CONFIRMED
9349482,K02020.01,CONFIRMED
4644952,K01805.01,CONFIRMED
2987027,K00197.01,CONFIRMED
4644952,K01805.02,CONFIRMED
4644952,K01805.03,CONFIRMED
8978528,K01874.01,CONFIRMED
8978528,K01874.02,CONFIRMED
9967771,K01875.01,CONFIRMED
11622600,K01876.01,CONFIRMED
10454632,K01877.01,CONFIRMED
10005788,K01940.01,CONFIRMED
2832589,K01942.01,CONFIRMED
2438513,K01944.01,CONFIRMED
6356207,K02021.01,CONFIRMED
8564674,K02022.01,CONFIRMED
8564674,K02022.02,CONFIRMED
8578780,K02023.01,CONFIRMED
4544907,K02024.01,CONFIRMED
7761918,K01808.01,CONFIRMED
8240797,K01809.01,CONFIRMED
8240797,K01809.02,CONFIRMED
9455325,K01813.01,CONFIRMED
3098810,K01878.01,CONFIRMED
8367644,K01879.01,CONFIRMED
10332883,K01880.01,CONFIRMED
9305831,K00204.01,CONFIRMED
11656918,K01945.01,CONFIRMED
4636578,K02025.01,CONFIRMED
4636578,K02025.02,CONFIRMED
4636578,K02025.03,CONFIRMED
11923284,K02026.01,CONFIRMED
5621125,K01814.01,CONFIRMED
9872283,K01815.01,CONFIRMED
7870032,K01818.01,CONFIRMED
9597058,K01819.01,CONFIRMED
4035640,K01881.01,CONFIRMED
6205228,K01882.01,CONFIRMED
11758544,K01883.01,CONFIRMED
3118797,K01950.01,CONFIRMED
7747425,K01952.01,CONFIRMED
7747425,K01952.02,CONFIRMED
7747425,K01952.03,CONFIRMED
7102316,K02028.01,CONFIRMED
7102316,K02028.02,CONFIRMED
9489524,K02029.01,CONFIRMED
9489524,K02029.02,CONFIRMED
5940165,K02031.01,CONFIRMED
8277797,K01820.01,CONFIRMED
8277797,K01820.02,CONFIRMED
5124667,K01822.01,CONFIRMED
2989404,K01824.01,CONFIRMED
2989404,K01824.02,CONFIRMED
11413812,K01885.01,CONFIRMED
9549648,K01886.01,CONFIRMED
10063802,K01888.01,CONFIRMED
11074178,K01889.01,CONFIRMED
11074178,K01889.02,CONFIRMED
5942808,K02250.01,CONFIRMED
6206214,K02252.01,CONFIRMED
8959839,K02253.01,CONFIRMED
7672097,K02255.01,CONFIRMED
5599774,K02337.01,CONFIRMED
8099138,K02338.01,CONFIRMED
7033233,K02339.01,CONFIRMED
6383785,K00239.02,CONFIRMED
9411412,K02101.01,CONFIRMED
7008211,K02102.01,CONFIRMED
7620413,K02103.01,CONFIRMED
4545187,K00223.01,CONFIRMED
10854546,K02104.01,CONFIRMED
11774991,K02173.01,CONFIRMED
11774991,K02173.02,CONFIRMED
8261920,K02174.02,CONFIRMED
8261920,K02174.03,CONFIRMED
9112931,K02256.01,CONFIRMED
9071593,K02257.01,CONFIRMED
8126558,K02259.01,CONFIRMED
11811193,K02260.01,CONFIRMED
3734418,K02261.01,CONFIRMED
8681734,K02340.01,CONFIRMED
10212441,K02342.01,CONFIRMED
8247771,K02344.01,CONFIRMED
8165946,K02105.01,CONFIRMED
12017109,K02106.01,CONFIRMED
9225395,K02107.01,CONFIRMED
10709622,K02108.01,CONFIRMED
11499228,K02109.01,CONFIRMED
9022166,K02175.01,CONFIRMED
10965588,K02177.01,CONFIRMED
10670119,K02179.01,CONFIRMED
10670119,K02179.02,CONFIRMED
8491277,K00234.01,CONFIRMED
8613535,K02263.01,CONFIRMED
12256520,K02264.01,CONFIRMED
5629538,K02345.01,CONFIRMED
8561231,K02346.01,CONFIRMED
8235924,K02347.01,CONFIRMED
6941084,K02348.01,CONFIRMED
6200235,K02350.01,CONFIRMED
11460462,K02110.01,CONFIRMED
8612275,K02111.01,CONFIRMED
8612275,K02111.02,CONFIRMED
7207061,K02113.01,CONFIRMED
4545187,K00223.02,CONFIRMED
7286911,K02180.01,CONFIRMED
8591173,K02181.01,CONFIRMED
6962109,K02182.01,CONFIRMED
5706595,K02183.01,CONFIRMED
5706595,K02183.02,CONFIRMED
10489345,K02266.01,CONFIRMED
10329469,K02271.01,CONFIRMED
9717943,K02273.01,CONFIRMED
8026752,K00240.01,CONFIRMED
1872821,K02351.01,CONFIRMED
8013439,K02352.01,CONFIRMED
8013439,K02352.02,CONFIRMED
8013439,K02352.03,CONFIRMED
7207061,K02113.02,CONFIRMED
6921944,K02114.01,CONFIRMED
9532052,K02115.01,CONFIRMED
8164012,K02116.01,CONFIRMED
4140813,K02117.01,CONFIRMED
8611781,K02185.01,CONFIRMED
5601258,K02191.01,CONFIRMED
7960980,K02274.01,CONFIRMED
8107225,K00235.01,CONFIRMED
3458028,K02276.01,CONFIRMED
3342794,K02278.01,CONFIRMED
3342794,K02278.02,CONFIRMED
5716932,K02358.01,CONFIRMED
11288051,K00241.01,CONFIRMED
11566256,K02361.01,CONFIRMED
8495415,K02362.02,CONFIRMED
4055304,K02119.01,CONFIRMED
4857213,K02120.01,CONFIRMED
9415108,K02121.01,CONFIRMED
4262581,K02122.01,CONFIRMED
8591693,K02123.01,CONFIRMED
4833421,K00232.01,CONFIRMED
8282651,K02193.01,CONFIRMED
3548044,K02194.01,CONFIRMED
11401767,K02195.01,CONFIRMED
10909127,K02200.01,CONFIRMED
3661886,K02279.01,CONFIRMED
3661886,K02279.02,CONFIRMED
2439243,K02280.01,CONFIRMED
9221517,K02281.01,CONFIRMED
6751874,K02282.01,CONFIRMED
10863608,K02368.01,CONFIRMED
5602588,K02369.01,CONFIRMED
11288051,K00241.02,CONFIRMED
9405595,K02125.01,CONFIRMED
3546060,K02126.01,CONFIRMED
4144576,K02202.01,CONFIRMED
8494542,K02204.01,CONFIRMED
9992325,K02205.01,CONFIRMED
9945370,K02285.01,CONFIRMED
8973129,K02286.01,CONFIRMED
12505654,K02353.01,CONFIRMED
11670125,K02355.01,CONFIRMED
11461844,K02356.01,CONFIRMED
9351920,K02129.01,CONFIRMED
2161536,K02130.01,CONFIRMED
10549023,K02131.01,CONFIRMED
9661979,K02132.01,CONFIRMED
8219268,K02133.01,CONFIRMED
10531955,K02208.01,CONFIRMED
4833421,K00232.02,CONFIRMED
8168187,K02209.01,CONFIRMED
4142847,K02210.01,CONFIRMED
10203349,K02212.01,CONFIRMED
9718066,K02287.01,CONFIRMED
3867615,K02289.01,CONFIRMED
12121570,K02290.01,CONFIRMED
8410415,K02291.01,CONFIRMED
7987866,K02363.01,CONFIRMED
11560897,K02365.01,CONFIRMED
11342416,K02366.01,CONFIRMED
9086251,K02367.01,CONFIRMED
4254466,K02134.01,CONFIRMED
9904006,K02135.01,CONFIRMED
9364609,K02137.01,CONFIRMED
7457296,K02213.01,CONFIRMED
10328458,K02214.01,CONFIRMED
4248120,K02216.01,CONFIRMED
8321314,K02293.01,CONFIRMED
11498128,K02296.01,CONFIRMED
8041216,K00237.01,CONFIRMED
11824786,K02371.01,CONFIRMED
12254909,K02372.01,CONFIRMED
9364290,K02374.01,CONFIRMED
9364290,K02374.02,CONFIRMED
5022828,K02138.01,CONFIRMED
8233702,K02140.01,CONFIRMED
11403339,K02143.01,CONFIRMED
8260902,K02144.01,CONFIRMED
8381204,K02145.01,CONFIRMED
12058204,K02218.01,CONFIRMED
12058204,K02218.02,CONFIRMED
4833421,K00232.03,CONFIRMED
5357545,K02219.01,CONFIRMED
6871071,K02220.01,CONFIRMED
5342473,K02297.01,CONFIRMED
9963265,K02299.01,CONFIRMED
10583761,K02300.01,CONFIRMED
7542813,K02302.01,CONFIRMED
12058147,K02072.01,CONFIRMED
8164257,K02073.01,CONFIRMED
8164257,K02073.02,CONFIRMED
8164257,K02073.03,CONFIRMED
6774537,K02146.01,CONFIRMED
10404582,K02147.01,CONFIRMED
5959753,K00226.01,CONFIRMED
6021193,K02148.01,CONFIRMED
6021193,K02148.02,CONFIRMED
6871071,K02220.02,CONFIRMED
6871071,K02220.03,CONFIRMED
6287313,K02221.01,CONFIRMED
9278725,K02223.01,CONFIRMED
4458082,K02303.01,CONFIRMED
8042453,K02304.01,CONFIRMED
10874215,K02305.01,CONFIRMED
3937519,K00221.02,CONFIRMED
8866137,K02074.01,CONFIRMED
10857519,K02075.01,CONFIRMED
9517393,K02076.01,CONFIRMED
9351316,K02078.01,CONFIRMED
6021193,K02148.03,CONFIRMED
10617017,K02149.01,CONFIRMED
3229150,K02150.01,CONFIRMED
9641481,K02152.01,CONFIRMED
8892157,K02224.01,CONFIRMED
11569782,K02225.01,CONFIRMED
4833421,K00232.04,CONFIRMED
7219825,K00238.01,CONFIRMED
3749978,K02308.01,CONFIRMED
10010440,K02309.01,CONFIRMED
11718144,K02310.01,CONFIRMED
9473078,K02079.01,CONFIRMED
10864531,K02080.01,CONFIRMED
10864531,K02080.02,CONFIRMED
9472000,K02082.01,CONFIRMED
10253547,K02153.01,CONFIRMED
10253547,K02153.02,CONFIRMED
12505076,K02154.01,CONFIRMED
12116380,K02155.01,CONFIRMED
2556650,K02156.01,CONFIRMED
10600955,K02227.01,CONFIRMED
4473226,K02229.01,CONFIRMED
2854181,K02232.01,CONFIRMED
10132832,K02313.01,CONFIRMED
3219995,K02314.01,CONFIRMED
6062929,K02315.01,CONFIRMED
7504778,K02316.01,CONFIRMED
7219825,K00238.02,CONFIRMED
7097965,K02083.01,CONFIRMED
4249725,K00222.01,CONFIRMED
3967326,K02084.01,CONFIRMED
6768394,K02086.01,CONFIRMED
6768394,K02086.02,CONFIRMED
5211199,K02158.01,CONFIRMED
5546761,K02160.01,CONFIRMED
9205938,K02162.01,CONFIRMED
10723367,K02236.01,CONFIRMED
10723367,K02236.02,CONFIRMED
5005121,K02237.01,CONFIRMED
4833421,K00232.05,CONFIRMED
8229458,K02238.01,CONFIRMED
10684670,K02317.01,CONFIRMED
11495458,K02318.01,CONFIRMED
9003401,K02319.01,CONFIRMED
5978559,K02321.01,CONFIRMED
6768394,K02086.03,CONFIRMED
6922710,K02087.01,CONFIRMED
11348997,K02090.01,CONFIRMED
5705819,K02091.01,CONFIRMED
6696580,K02092.01,CONFIRMED
11358389,K02163.01,CONFIRMED
7204981,K02164.01,CONFIRMED
3847907,K00229.01,CONFIRMED
4370527,K02166.01,CONFIRMED
6041734,K02167.01,CONFIRMED
5125347,K02241.01,CONFIRMED
9336200,K02242.01,CONFIRMED
4770617,K02243.01,CONFIRMED
4454934,K02245.01,CONFIRMED
9458343,K02246.01,CONFIRMED
7120108,K02325.01,CONFIRMED
10730703,K02327.01,CONFIRMED
8007644,K02328.01,CONFIRMED
11192235,K02329.01,CONFIRMED
6383785,K00239.01,CONFIRMED
6696580,K02092.02,CONFIRMED
4249725,K00222.02,CONFIRMED
8505920,K02094.01,CONFIRMED
7918992,K02095.01,CONFIRMED
11308499,K02168.01,CONFIRMED
11308499,K02168.02,CONFIRMED
9006186,K02169.01,CONFIRMED
9006186,K02169.02,CONFIRMED
7802719,K02247.01,CONFIRMED
11030475,K02248.01,CONFIRMED
12401863,K02331.01,CONFIRMED
5534941,K02332.01,CONFIRMED
11121752,K02333.01,CONFIRMED
11121752,K02333.02,CONFIRMED
2990873,K02335.01,CONFIRMED
9307509,K02096.01,CONFIRMED
10158729,K02097.01,CONFIRMED
6105462,K02098.01,CONFIRMED
3120355,K02099.01,CONFIRMED
6047072,K02100.01,CONFIRMED
9006186,K02169.03,CONFIRMED
11410904,K02171.01,CONFIRMED
4173026,K02172.01,CONFIRMED
5350244,K02555.01,CONFIRMED
5374403,K02556.01,CONFIRMED
11752906,K00253.02,CONFIRMED
1995519,K02634.01,CONFIRMED
4914566,K02635.01,CONFIRMED
6198182,K02636.01,CONFIRMED
10024051,K02409.01,CONFIRMED
4349452,K00244.01,CONFIRMED
8073806,K02411.01,CONFIRMED
3234598,K02413.01,CONFIRMED
10453588,K02484.01,CONFIRMED
11125613,K02485.01,CONFIRMED
7212184,K02487.01,CONFIRMED
9757613,K00250.02,CONFIRMED
6605493,K02559.01,CONFIRMED
7259298,K02561.01,CONFIRMED
6211812,K02638.01,CONFIRMED
3234598,K02413.02,CONFIRMED
8611832,K02414.01,CONFIRMED
8611832,K02414.02,CONFIRMED
5621586,K02415.01,CONFIRMED
9210387,K02416.01,CONFIRMED
11852982,K00247.01,CONFIRMED
8559152,K02488.01,CONFIRMED
2718778,K02489.01,CONFIRMED
3122913,K02490.01,CONFIRMED
9229657,K02491.01,CONFIRMED
5175024,K02563.01,CONFIRMED
9026749,K02564.01,CONFIRMED
5794240,K00254.01,CONFIRMED
6933567,K02643.01,CONFIRMED
9654468,K02417.01,CONFIRMED
4349452,K00244.02,CONFIRMED
10027247,K02418.01,CONFIRMED
6343170,K02419.01,CONFIRMED
7107802,K02420.01,CONFIRMED
11752632,K02492.01,CONFIRMED
10028535,K02493.01,CONFIRMED
7047207,K02494.01,CONFIRMED
9757613,K00250.03,CONFIRMED
11962284,K02647.01,CONFIRMED
6842682,K02649.01,CONFIRMED
8890150,K02650.01,CONFIRMED
8890150,K02650.02,CONFIRMED
11360805,K02422.01,CONFIRMED
9845898,K02423.01,CONFIRMED
12453581,K02424.01,CONFIRMED
11179076,K02497.01,CONFIRMED
5364071,K00248.01,CONFIRMED
5959719,K02498.01,CONFIRMED
7021681,K00255.01,CONFIRMED
4346178,K02652.01,CONFIRMED
9664142,K02654.01,CONFIRMED
10018233,K02655.01,CONFIRMED
8081899,K02426.01,CONFIRMED
8478994,K00245.01,CONFIRMED
8631504,K02503.01,CONFIRMED
8110767,K02504.01,CONFIRMED
6767840,K02506.01,CONFIRMED
8379705,K02507.01,CONFIRMED
9896018,K02579.01,CONFIRMED
11037511,K02580.01,CONFIRMED
9757613,K00250.04,CONFIRMED
11818872,K02581.01,CONFIRMED
11771430,K02582.01,CONFIRMED
5513012,K02668.01,CONFIRMED
11253827,K02672.01,CONFIRMED
7047363,K02432.01,CONFIRMED
11968463,K02433.01,CONFIRMED
11968463,K02433.02,CONFIRMED
9880190,K02509.01,CONFIRMED
5364071,K00248.02,CONFIRMED
10387742,K02583.01,CONFIRMED
7673841,K02585.01,CONFIRMED
9827149,K02586.01,CONFIRMED
5546691,K02587.01,CONFIRMED
12156347,K02588.01,CONFIRMED
8547429,K02658.01,CONFIRMED
9893318,K02660.01,CONFIRMED
8570333,K02436.01,CONFIRMED
8478994,K00245.02,CONFIRMED
5036705,K02437.01,CONFIRMED
9653622,K02513.01,CONFIRMED
8947520,K02517.01,CONFIRMED
10468885,K02589.01,CONFIRMED
3861595,K00004.01,CONFIRMED
10489206,K00251.01,CONFIRMED
3426367,K02662.01,CONFIRMED
5562090,K02664.01,CONFIRMED
6867555,K02439.01,CONFIRMED
5339567,K02440.01,CONFIRMED
11080405,K02442.01,CONFIRMED
10059645,K02520.01,CONFIRMED
5364071,K00248.03,CONFIRMED
7183745,K02521.01,CONFIRMED
8212002,K02593.01,CONFIRMED
8004903,K02594.01,CONFIRMED
8883329,K02595.01,CONFIRMED
8883329,K02595.02,CONFIRMED
11253827,K02672.02,CONFIRMED
5514383,K00257.01,CONFIRMED
8022489,K02674.01,CONFIRMED
8022489,K02674.02,CONFIRMED
8022489,K02674.03,CONFIRMED
9209624,K02443.01,CONFIRMED
9209624,K02443.02,CONFIRMED
3354846,K02444.01,CONFIRMED
8478994,K00245.03,CONFIRMED
7183745,K02521.02,CONFIRMED
9177629,K02522.01,CONFIRMED
7778767,K02523.01,CONFIRMED
7515762,K02524.01,CONFIRMED
5942949,K02525.01,CONFIRMED
12120307,K02597.01,CONFIRMED
12120307,K02597.02,CONFIRMED
12120307,K02597.03,CONFIRMED
11701407,K02376.01,CONFIRMED
11288051,K00241.03,CONFIRMED
10813132,K02378.01,CONFIRMED
5857540,K02448.01,CONFIRMED
7289317,K02450.01,CONFIRMED
7879433,K02527.01,CONFIRMED
9205907,K02528.01,CONFIRMED
8463346,K02529.01,CONFIRMED
5364071,K00248.04,CONFIRMED
10489206,K00251.02,CONFIRMED
10068659,K02602.01,CONFIRMED
9395024,K02383.01,CONFIRMED
8478994,K00245.04,CONFIRMED
9753154,K02457.01,CONFIRMED
9011825,K02530.01,CONFIRMED
5174858,K02532.01,CONFIRMED
11074835,K02533.01,CONFIRMED
1996180,K02534.01,CONFIRMED
6269070,K02608.01,CONFIRMED
12254378,K02387.01,CONFIRMED
7604328,K02458.01,CONFIRMED
11236244,K02460.01,CONFIRMED
9837685,K02461.01,CONFIRMED
5042210,K02462.01,CONFIRMED
12454461,K02463.01,CONFIRMED
9635606,K02535.01,CONFIRMED
3728701,K02536.01,CONFIRMED
1849702,K02538.01,CONFIRMED
9390653,K00249.01,CONFIRMED
11187837,K00252.01,CONFIRMED
8025596,K02615.01,CONFIRMED
8494617,K02389.01,CONFIRMED
10289119,K02390.01,CONFIRMED
7382313,K02392.01,CONFIRMED
8544992,K02466.01,CONFIRMED
8544992,K02466.02,CONFIRMED
11295426,K00246.01,CONFIRMED
12306058,K02541.01,CONFIRMED
6183511,K02542.01,CONFIRMED
12469800,K02543.01,CONFIRMED
4915638,K02617.01,CONFIRMED
8081905,K02619.01,CONFIRMED
11465950,K02620.01,CONFIRMED
4665571,K02393.01,CONFIRMED
9269042,K02397.01,CONFIRMED
11461433,K02399.01,CONFIRMED
11818607,K02467.01,CONFIRMED
8380709,K02468.01,CONFIRMED
6149910,K02469.01,CONFIRMED
5436013,K02471.01,CONFIRMED
8676148,K02544.01,CONFIRMED
9696358,K02545.01,CONFIRMED
4484336,K02547.01,CONFIRMED
9757613,K00250.01,CONFIRMED
11752906,K00253.01,CONFIRMED
10916600,K02623.01,CONFIRMED
8429314,K02624.01,CONFIRMED
9153570,K02625.01,CONFIRMED
11768142,K02626.01,CONFIRMED
8481129,K02402.01,CONFIRMED
2142522,K02403.01,CONFIRMED
9395719,K02472.01,CONFIRMED
8753896,K02473.01,CONFIRMED
11295426,K00246.02,CONFIRMED
8757824,K02552.01,CONFIRMED
9832208,K02553.01,CONFIRMED
6124512,K02627.01,CONFIRMED
10070468,K02628.01,CONFIRMED
7584650,K02631.01,CONFIRMED
11337566,K02632.01,CONFIRMED
5007345,K02406.01,CONFIRMED
12120484,K02407.01,CONFIRMED
6429812,K02408.01,CONFIRMED
6846911,K02477.01,CONFIRMED
5963582,K02479.01,CONFIRMED
11403389,K02482.01,CONFIRMED
9851662,K02483.01,CONFIRMED
8758204,K02841.01,CONFIRMED
8733898,K02842.01,CONFIRMED
8733898,K02842.02,CONFIRMED
10332213,K02919.01,CONFIRMED
7090524,K02920.01,CONFIRMED
11133306,K00276.01,CONFIRMED
5871985,K02703.01,CONFIRMED
8292840,K00260.02,CONFIRMED
9730163,K02704.01,CONFIRMED
9730163,K02704.02,CONFIRMED
11453592,K02705.01,CONFIRMED
10591855,K02845.01,CONFIRMED
7749773,K02848.01,CONFIRMED
9451706,K00271.03,CONFIRMED
10064256,K02849.01,CONFIRMED
7609553,K02924.01,CONFIRMED
10122538,K02926.01,CONFIRMED
10122538,K02926.02,CONFIRMED
5480640,K02707.01,CONFIRMED
5480640,K02707.02,CONFIRMED
5480640,K02707.03,CONFIRMED
5175986,K02708.01,CONFIRMED
9008737,K02768.01,CONFIRMED
9008737,K02768.02,CONFIRMED
6521045,K00041.02,CONFIRMED
6697605,K02851.01,CONFIRMED
6294819,K02852.01,CONFIRMED
11401755,K00277.01,CONFIRMED
8292840,K00260.03,CONFIRMED
5272233,K02711.01,CONFIRMED
5272233,K02711.02,CONFIRMED
5688910,K02856.01,CONFIRMED
6345732,K02857.01,CONFIRMED
6345732,K02857.02,CONFIRMED
8611257,K02931.01,CONFIRMED
10880507,K02936.01,CONFIRMED
12206313,K02714.01,CONFIRMED
12206313,K02714.02,CONFIRMED
9837661,K02715.01,CONFIRMED
7769819,K02778.01,CONFIRMED
11874577,K02779.01,CONFIRMED
12164564,K02780.01,CONFIRMED
10397751,K02859.01,CONFIRMED
10397751,K02859.02,CONFIRMED
9642292,K02946.01,CONFIRMED
6356692,K02948.01,CONFIRMED
4991208,K02951.01,CONFIRMED
9837661,K02715.02,CONFIRMED
9837661,K02715.03,CONFIRMED
9092504,K02716.01,CONFIRMED
5383248,K00261.01,CONFIRMED
9092504,K02716.02,CONFIRMED
10001368,K02785.01,CONFIRMED
9466429,K02786.01,CONFIRMED
8885643,K02789.01,CONFIRMED
5652893,K02790.01,CONFIRMED
8681833,K02865.01,CONFIRMED
4138951,K02866.01,CONFIRMED
3102384,K00273.01,CONFIRMED
10471515,K02961.01,CONFIRMED
8760040,K02963.01,CONFIRMED
10098844,K02964.01,CONFIRMED
9467404,K02717.01,CONFIRMED
5184911,K02719.01,CONFIRMED
6587105,K02721.01,CONFIRMED
11662184,K02791.01,CONFIRMED
11127479,K02792.01,CONFIRMED
8884274,K02868.01,CONFIRMED
7767162,K02869.01,CONFIRMED
4385148,K02942.02,CONFIRMED
9838468,K02943.01,CONFIRMED
8617363,K02945.01,CONFIRMED
11401755,K00277.02,CONFIRMED
7673192,K02722.01,CONFIRMED
7673192,K02722.02,CONFIRMED
7673192,K02722.03,CONFIRMED
7673192,K02722.04,CONFIRMED
11807274,K00262.01,CONFIRMED
7670943,K00269.01,CONFIRMED
6697756,K02798.01,CONFIRMED
5905822,K02801.01,CONFIRMED
10793172,K02871.01,CONFIRMED
10793172,K02871.02,CONFIRMED
8801316,K02956.01,CONFIRMED
12314973,K00279.01,CONFIRMED
3346154,K02723.01,CONFIRMED
5775129,K02802.01,CONFIRMED
9898447,K02803.01,CONFIRMED
11135308,K02805.01,CONFIRMED
6521045,K00041.03,CONFIRMED
8077137,K00274.01,CONFIRMED
7019524,K02877.01,CONFIRMED
5106313,K02878.01,CONFIRMED
9825174,K02880.01,CONFIRMED
5980783,K02967.01,CONFIRMED
12008872,K02729.01,CONFIRMED
8415200,K02730.01,CONFIRMED
9886361,K02732.01,CONFIRMED
9886361,K02732.03,CONFIRMED
6528464,K00270.01,CONFIRMED
5209845,K02883.01,CONFIRMED
6129524,K02886.01,CONFIRMED
5794570,K02675.01,CONFIRMED
5794570,K02675.02,CONFIRMED
6779260,K02678.01,CONFIRMED
11807274,K00262.02,CONFIRMED
5953297,K02733.01,CONFIRMED
7659389,K02734.01,CONFIRMED
9472074,K02735.01,CONFIRMED
10842192,K02736.01,CONFIRMED
2442448,K02812.01,CONFIRMED
11283615,K02816.01,CONFIRMED
7605093,K02817.01,CONFIRMED
8077137,K00274.02,CONFIRMED
7463685,K02890.01,CONFIRMED
6878240,K02681.01,CONFIRMED
6878240,K02681.02,CONFIRMED
4831728,K02739.01,CONFIRMED
6528464,K00270.02,CONFIRMED
11963206,K02820.01,CONFIRMED
8263545,K02822.01,CONFIRMED
6937402,K02894.01,CONFIRMED
7826659,K02686.01,CONFIRMED
7202957,K02687.01,CONFIRMED
8095441,K02743.01,CONFIRMED
5881813,K02744.01,CONFIRMED
12456601,K02745.01,CONFIRMED
7428736,K02827.01,CONFIRMED
11129258,K02898.01,CONFIRMED
10586004,K00275.01,CONFIRMED
7202957,K02687.02,CONFIRMED
6521045,K00041.01,CONFIRMED
8892303,K02688.01,CONFIRMED
5369827,K02690.01,CONFIRMED
6586746,K02747.01,CONFIRMED
9962455,K02748.01,CONFIRMED
9962455,K02748.02,CONFIRMED
6436029,K02828.01,CONFIRMED
6197215,K02829.01,CONFIRMED
9451706,K00271.01,CONFIRMED
9244508,K02830.01,CONFIRMED
3969687,K02904.01,CONFIRMED
6716545,K02906.01,CONFIRMED
5185897,K02693.01,CONFIRMED
5185897,K02693.02,CONFIRMED
5185897,K02693.03,CONFIRMED
9881077,K02751.01,CONFIRMED
6265792,K02753.01,CONFIRMED
9995402,K02832.01,CONFIRMED
5609593,K02834.01,CONFIRMED
5436338,K02835.01,CONFIRMED
11414465,K02836.01,CONFIRMED
10586004,K00275.02,CONFIRMED
4483138,K02910.01,CONFIRMED
9475552,K02694.01,CONFIRMED
9475552,K02694.02,CONFIRMED
8292840,K00260.01,CONFIRMED
10905911,K02754.01,CONFIRMED
3545135,K02755.01,CONFIRMED
6964929,K02756.01,CONFIRMED
6432345,K02757.01,CONFIRMED
11565924,K02837.01,CONFIRMED
6607357,K02838.01,CONFIRMED
6607357,K02838.02,CONFIRMED
9451706,K00271.02,CONFIRMED
6186964,K02839.01,CONFIRMED
9693006,K02913.01,CONFIRMED
5128673,K02698.01,CONFIRMED
6690836,K02699.01,CONFIRMED
7877978,K02760.01,CONFIRMED
12024120,K00265.01,CONFIRMED
8210018,K02762.01,CONFIRMED
3642289,K00301.01,CONFIRMED
3642289,K00301.02,CONFIRMED
3662838,K00302.01,CONFIRMED
5966322,K00303.01,CONFIRMED
6029239,K00304.01,CONFIRMED
12404954,K00361.01,CONFIRMED
9070666,K03008.01,CONFIRMED
3642335,K03010.01,CONFIRMED
9020114,K03088.01,CONFIRMED
6196457,K00285.01,CONFIRMED
6063220,K00305.01,CONFIRMED
6071903,K00306.01,CONFIRMED
6289257,K00307.01,CONFIRMED
10905239,K00046.01,CONFIRMED
11623629,K00365.01,CONFIRMED
4815520,K00367.01,CONFIRMED
7175184,K00369.01,CONFIRMED
7347246,K03014.01,CONFIRMED
11403530,K03015.01,CONFIRMED
5088536,K00282.02,CONFIRMED
6609270,K03090.01,CONFIRMED
12406807,K03091.01,CONFIRMED
5096590,K03093.01,CONFIRMED
9650989,K03095.01,CONFIRMED
6289257,K00307.02,CONFIRMED
6291837,K00308.01,CONFIRMED
7050989,K00312.01,CONFIRMED
7175184,K00369.02,CONFIRMED
8494142,K00370.01,CONFIRMED
11554435,K00063.01,CONFIRMED
8494142,K00370.02,CONFIRMED
6471021,K00372.01,CONFIRMED
8709688,K03019.01,CONFIRMED
11618601,K03022.01,CONFIRMED
7582689,K03097.01,CONFIRMED
7582689,K03097.02,CONFIRMED
7582689,K03097.03,CONFIRMED
6196457,K00285.02,CONFIRMED
7050989,K00312.02,CONFIRMED
7419318,K00313.01,CONFIRMED
7419318,K00313.02,CONFIRMED
7603200,K00314.01,CONFIRMED
7603200,K00314.02,CONFIRMED
10905239,K00046.02,CONFIRMED
7364176,K00373.01,CONFIRMED
8686097,K00374.01,CONFIRMED
12356617,K00375.01,CONFIRMED
3323887,K00377.01,CONFIRMED
11618601,K03022.02,CONFIRMED
9716391,K03025.01,CONFIRMED
6929841,K03026.01,CONFIRMED
5088536,K00282.03,CONFIRMED
11508644,K03101.01,CONFIRMED
8895758,K03106.01,CONFIRMED
7603200,K00314.03,CONFIRMED
7700622,K00315.01,CONFIRMED
8008067,K00316.01,CONFIRMED
8008067,K00316.02,CONFIRMED
8008067,K00316.03,CONFIRMED
3323887,K00377.02,CONFIRMED
3323887,K00377.03,CONFIRMED
11137180,K03027.01,CONFIRMED
3756264,K03108.01,CONFIRMED
11572193,K03109.01,CONFIRMED
11285870,K03110.01,CONFIRMED
6196457,K00285.03,CONFIRMED
8121310,K00317.01,CONFIRMED
8156120,K00318.01,CONFIRMED
8753657,K00321.01,CONFIRMED
3942670,K00392.01,CONFIRMED
3942670,K00392.02,CONFIRMED
10585738,K03032.01,CONFIRMED
7676423,K03113.01,CONFIRMED
11714231,K03115.01,CONFIRMED
11720424,K03116.01,CONFIRMED
8753657,K00321.02,CONFIRMED
9139084,K00323.01,CONFIRMED
3353050,K00384.01,CONFIRMED
3446746,K00385.01,CONFIRMED
5695396,K00283.01,CONFIRMED
8051946,K03038.01,CONFIRMED
5445681,K03039.01,CONFIRMED
11499192,K03120.01,CONFIRMED
12416661,K03122.01,CONFIRMED
9881662,K00327.01,CONFIRMED
9881662,K00327.02,CONFIRMED
3656121,K00386.01,CONFIRMED
3656121,K00386.02,CONFIRMED
3733628,K00387.01,CONFIRMED
3831053,K00388.01,CONFIRMED
5092266,K03045.01,CONFIRMED
8751796,K03125.01,CONFIRMED
9907129,K03127.01,CONFIRMED
9527334,K00049.01,CONFIRMED
11361646,K00330.01,CONFIRMED
11361646,K00330.02,CONFIRMED
10285631,K00331.01,CONFIRMED
3964109,K00393.01,CONFIRMED
3544595,K00069.01,CONFIRMED
5695396,K00283.02,CONFIRMED
9714550,K03048.01,CONFIRMED
6263593,K03049.01,CONFIRMED
10252275,K03130.01,CONFIRMED
10252275,K03130.02,CONFIRMED
11455181,K03131.01,CONFIRMED
10290666,K00332.01,CONFIRMED
10337258,K00333.01,CONFIRMED
12314973,K00279.02,CONFIRMED
5450893,K02970.01,CONFIRMED
8827575,K03052.02,CONFIRMED
2716801,K03053.01,CONFIRMED
7216284,K03056.01,CONFIRMED
6945786,K03136.01,CONFIRMED
5978170,K03140.01,CONFIRMED
5440317,K03141.01,CONFIRMED
10545066,K00337.01,CONFIRMED
10552611,K00338.01,CONFIRMED
10552611,K00338.02,CONFIRMED
10587105,K00339.01,CONFIRMED
10587105,K00339.02,CONFIRMED
11090556,K02977.01,CONFIRMED
11090556,K02977.02,CONFIRMED
3234843,K03057.01,CONFIRMED
6021275,K00284.01,CONFIRMED
3234843,K03057.02,CONFIRMED
5688790,K03144.01,CONFIRMED
1717722,K03145.01,CONFIRMED
10908248,K03146.01,CONFIRMED
10878263,K00341.01,CONFIRMED
10878263,K00341.02,CONFIRMED
10982872,K00343.01,CONFIRMED
10982872,K00343.02,CONFIRMED
4141376,K00280.01,CONFIRMED
9468551,K02980.01,CONFIRMED
9076971,K02981.01,CONFIRMED
8360640,K02982.01,CONFIRMED
11019987,K03060.01,CONFIRMED
4857058,K03061.01,CONFIRMED
10924562,K03063.01,CONFIRMED
7534267,K03147.01,CONFIRMED
9592705,K00288.01,CONFIRMED
10386922,K00289.01,CONFIRMED
10386922,K00289.02,CONFIRMED
10982872,K00343.03,CONFIRMED
11015108,K00344.01,CONFIRMED
11074541,K00345.01,CONFIRMED
11100383,K00346.01,CONFIRMED
6636320,K02989.01,CONFIRMED
4067925,K03066.01,CONFIRMED
6021275,K00284.02,CONFIRMED
10933561,K00291.01,CONFIRMED
10933561,K00291.02,CONFIRMED
11075737,K00292.01,CONFIRMED
11194032,K00348.01,CONFIRMED
11394027,K00349.01,CONFIRMED
11442793,K00351.01,CONFIRMED
5520547,K02990.01,CONFIRMED
8866102,K00042.01,CONFIRMED
4143755,K00281.01,CONFIRMED
11244137,K02994.01,CONFIRMED
5865654,K03071.01,CONFIRMED
11259686,K00294.01,CONFIRMED
11547513,K00295.01,CONFIRMED
11547513,K00295.02,CONFIRMED
11802615,K00296.01,CONFIRMED
11442793,K00351.02,CONFIRMED
11442793,K00351.03,CONFIRMED
11521793,K00352.01,CONFIRMED
11566064,K00353.02,CONFIRMED
3848275,K02995.01,CONFIRMED
12021625,K02996.01,CONFIRMED
4175630,K02998.01,CONFIRMED
3328080,K03075.01,CONFIRMED
8430964,K03078.01,CONFIRMED
6021275,K00284.03,CONFIRMED
11905011,K00297.01,CONFIRMED
12785320,K00298.01,CONFIRMED
2692377,K00299.01,CONFIRMED
11568987,K00354.01,CONFIRMED
11568987,K00354.02,CONFIRMED
11621223,K00355.01,CONFIRMED
11624249,K00356.01,CONFIRMED
3852655,K03002.01,CONFIRMED
5088536,K00282.01,CONFIRMED
6103377,K03004.01,CONFIRMED
6677841,K01236.04,CONFIRMED
8037145,K00520.03,CONFIRMED
8162789,K00521.01,CONFIRMED
8806123,K00523.01,CONFIRMED
8806123,K00523.02,CONFIRMED
8355239,K00574.02,CONFIRMED
8367113,K00575.01,CONFIRMED
8558011,K00577.01,CONFIRMED
9115800,K00421.01,CONFIRMED
9478990,K00423.01,CONFIRMED
6850504,K00070.04,CONFIRMED
10934674,K00477.01,CONFIRMED
10990886,K00478.01,CONFIRMED
11015323,K00479.01,CONFIRMED
11134879,K00480.01,CONFIRMED
11192998,K00481.01,CONFIRMED
8934495,K00524.01,CONFIRMED
5866724,K00085.01,CONFIRMED
9157634,K00526.01,CONFIRMED
8565266,K00578.01,CONFIRMED
8616637,K00579.01,CONFIRMED
8616637,K00579.02,CONFIRMED
8625925,K00580.01,CONFIRMED
8822216,K00581.01,CONFIRMED
10189546,K00427.01,CONFIRMED
10189546,K00427.02,CONFIRMED
10189546,K00427.03,CONFIRMED
11192998,K00481.02,CONFIRMED
11192998,K00481.03,CONFIRMED
11497977,K00483.01,CONFIRMED
9941859,K00528.01,CONFIRMED
9941859,K00528.02,CONFIRMED
9941859,K00528.03,CONFIRMED
10266615,K00530.01,CONFIRMED
6444896,K03138.02,CONFIRMED
8822216,K00581.02,CONFIRMED
9020160,K00582.01,CONFIRMED
7941200,K00092.01,CONFIRMED
9020160,K00582.02,CONFIRMED
9020160,K00582.03,CONFIRMED
10418224,K00428.01,CONFIRMED
10616679,K00429.01,CONFIRMED
10717241,K00430.01,CONFIRMED
7303287,K01353.03,CONFIRMED
10843590,K00431.01,CONFIRMED
6850504,K00070.05,CONFIRMED
12061222,K00484.01,CONFIRMED
12404305,K00486.01,CONFIRMED
12834874,K00487.01,CONFIRMED
2557816,K00488.01,CONFIRMED
10454313,K00532.01,CONFIRMED
10513530,K00533.01,CONFIRMED
5866724,K00085.02,CONFIRMED
10513530,K00533.02,CONFIRMED
10554999,K00534.01,CONFIRMED
9076513,K00583.01,CONFIRMED
9146018,K00584.01,CONFIRMED
9146018,K00584.02,CONFIRMED
9146018,K00584.03,CONFIRMED
9279669,K00585.01,CONFIRMED
10843590,K00431.02,CONFIRMED
10858832,K00432.01,CONFIRMED
10937029,K00433.01,CONFIRMED
10937029,K00433.02,CONFIRMED
3239945,K00490.01,CONFIRMED
10187017,K00082.01,CONFIRMED
3239945,K00490.02,CONFIRMED
10554999,K00534.02,CONFIRMED
10873260,K00535.01,CONFIRMED
10965008,K00536.01,CONFIRMED
11073351,K00537.01,CONFIRMED
11090765,K00538.01,CONFIRMED
9570741,K00586.01,CONFIRMED
9607164,K00587.01,CONFIRMED
9631762,K00588.01,CONFIRMED
6462863,K00094.01,CONFIRMED
9782691,K00590.01,CONFIRMED
11709124,K00435.01,CONFIRMED
12302530,K00438.01,CONFIRMED
11904151,K00072.01,CONFIRMED
3239945,K00490.03,CONFIRMED
3239945,K00490.04,CONFIRMED
3559935,K00492.01,CONFIRMED
3966801,K00494.01,CONFIRMED
11656721,K00541.01,CONFIRMED
11853905,K00007.01,CONFIRMED
5866724,K00085.03,CONFIRMED
11669239,K00542.01,CONFIRMED
11669239,K00542.02,CONFIRMED
10600261,K00597.03,CONFIRMED
10656823,K00598.01,CONFIRMED
10656823,K00598.02,CONFIRMED
10676824,K00599.01,CONFIRMED
10718726,K00600.01,CONFIRMED
12302530,K00438.02,CONFIRMED
12470954,K00439.01,CONFIRMED
2438264,K00440.01,CONFIRMED
2438264,K00440.02,CONFIRMED
4454752,K00496.01,CONFIRMED
4757437,K00497.01,CONFIRMED
10187017,K00082.02,CONFIRMED
4757437,K00497.02,CONFIRMED
11823054,K00543.01,CONFIRMED
11823054,K00543.02,CONFIRMED
12058931,K00546.01,CONFIRMED
9782691,K00590.02,CONFIRMED
9957627,K00592.01,CONFIRMED
9958962,K00593.01,CONFIRMED
9958962,K00593.02,CONFIRMED
3745690,K00442.01,CONFIRMED
3745690,K00442.02,CONFIRMED
3745690,K00442.03,CONFIRMED
3833007,K00443.01,CONFIRMED
3847138,K00444.01,CONFIRMED
4847534,K00499.01,CONFIRMED
4852528,K00500.01,CONFIRMED
4852528,K00500.02,CONFIRMED
4852528,K00500.03,CONFIRMED
4852528,K00500.04,CONFIRMED
12058931,K00546.02,CONFIRMED
12116489,K00547.01,CONFIRMED
12600735,K00548.01,CONFIRMED
10593626,K00087.01,CONFIRMED
9958962,K00593.03,CONFIRMED
10388286,K00596.01,CONFIRMED
10600261,K00597.01,CONFIRMED
6462863,K00094.02,CONFIRMED
10600261,K00597.02,CONFIRMED
11904151,K00072.02,CONFIRMED
4633570,K00446.01,CONFIRMED
4633570,K00446.02,CONFIRMED
5640085,K00448.01,CONFIRMED
5640085,K00448.02,CONFIRMED
4852528,K00500.05,CONFIRMED
10187017,K00082.03,CONFIRMED
5340644,K00503.01,CONFIRMED
4165473,K00550.01,CONFIRMED
4270253,K00551.01,CONFIRMED
4270253,K00551.02,CONFIRMED
10973664,K00601.01,CONFIRMED
10973664,K00601.02,CONFIRMED
10973664,K00601.03,CONFIRMED
9141746,K00929.02,CONFIRMED
12459913,K00602.01,CONFIRMED
6462863,K00094.03,CONFIRMED
6291033,K00452.01,CONFIRMED
5461440,K00504.01,CONFIRMED
5689351,K00505.01,CONFIRMED
5689351,K00505.02,CONFIRMED
5689351,K00505.03,CONFIRMED
5689351,K00505.04,CONFIRMED
5709725,K00555.01,CONFIRMED
5709725,K00555.02,CONFIRMED
9946525,K00398.01,CONFIRMED
9946525,K00398.02,CONFIRMED
9946525,K00398.03,CONFIRMED
7098355,K00454.01,CONFIRMED
7269974,K00456.01,CONFIRMED
7269974,K00456.02,CONFIRMED
7440748,K00457.01,CONFIRMED
5689351,K00505.05,CONFIRMED
5812960,K00507.01,CONFIRMED
6266741,K00508.01,CONFIRMED
10187017,K00082.04,CONFIRMED
5774349,K00557.01,CONFIRMED
5978361,K00558.01,CONFIRMED
6501635,K00560.01,CONFIRMED
3217264,K00401.01,CONFIRMED
3217264,K00401.02,CONFIRMED
6850504,K00070.01,CONFIRMED
3217264,K00401.03,CONFIRMED
7440748,K00457.02,CONFIRMED
7977197,K00459.01,CONFIRMED
7977197,K00459.02,CONFIRMED
6266741,K00508.02,CONFIRMED
6381846,K00509.01,CONFIRMED
6381846,K00509.02,CONFIRMED
6381846,K00509.03,CONFIRMED
6422155,K00510.01,CONFIRMED
6665695,K00561.01,CONFIRMED
6707833,K00563.01,CONFIRMED
6786037,K00564.01,CONFIRMED
6786037,K00564.02,CONFIRMED
6786037,K00564.03,CONFIRMED
5351250,K00408.01,CONFIRMED
8043638,K00460.01,CONFIRMED
8845205,K00463.01,CONFIRMED
8890783,K00464.01,CONFIRMED
8890783,K00464.02,CONFIRMED
6422155,K00510.02,CONFIRMED
6422155,K00510.03,CONFIRMED
6422155,K00510.04,CONFIRMED
6451936,K00511.01,CONFIRMED
6451936,K00511.02,CONFIRMED
8056665,K00089.01,CONFIRMED
7119481,K00566.01,CONFIRMED
7445445,K00567.01,CONFIRMED
7445445,K00567.02,CONFIRMED
5351250,K00408.02,CONFIRMED
5351250,K00408.03,CONFIRMED
6850504,K00070.02,CONFIRMED
5351250,K00408.04,CONFIRMED
5444548,K00409.01,CONFIRMED
9583881,K00467.01,CONFIRMED
9589524,K00468.01,CONFIRMED
10187017,K00082.05,CONFIRMED
6838050,K00512.01,CONFIRMED
6937692,K00513.01,CONFIRMED
7445445,K00567.03,CONFIRMED
7595157,K00568.01,CONFIRMED
7595157,K00568.02,CONFIRMED
8008206,K00569.01,CONFIRMED
8008206,K00569.02,CONFIRMED
5683743,K00412.01,CONFIRMED
5791986,K00413.01,CONFIRMED
5791986,K00413.02,CONFIRMED
9844088,K00470.01,CONFIRMED
10019643,K00471.01,CONFIRMED
10019643,K00471.02,CONFIRMED
10123064,K00472.01,CONFIRMED
8015907,K00517.01,CONFIRMED
8017703,K00518.01,CONFIRMED
8017703,K00518.02,CONFIRMED
8017703,K00518.03,CONFIRMED
8056665,K00089.02,CONFIRMED
8120608,K00571.01,CONFIRMED
8120608,K00571.02,CONFIRMED
8120608,K00571.03,CONFIRMED
8120608,K00571.04,CONFIRMED
6850504,K00070.03,CONFIRMED
6508221,K00416.01,CONFIRMED
10155434,K00473.01,CONFIRMED
10460984,K00474.01,CONFIRMED
10460984,K00474.02,CONFIRMED
10460984,K00474.03,CONFIRMED
10460984,K00474.04,CONFIRMED
8022244,K00519.01,CONFIRMED
2571238,K00084.01,CONFIRMED
8022244,K00519.02,CONFIRMED
8037145,K00520.01,CONFIRMED
8037145,K00520.02,CONFIRMED
8193178,K00572.01,CONFIRMED
8193178,K00572.02,CONFIRMED
8344004,K00573.01,CONFIRMED
8344004,K00573.02,CONFIRMED
8355239,K00574.01,CONFIRMED
6508221,K00416.02,CONFIRMED
8352537,K00420.01,CONFIRMED
10577994,K00475.01,CONFIRMED
10577994,K00475.02,CONFIRMED
10599206,K00476.01,CONFIRMED
10227020,K00730.01,CONFIRMED
4563268,K00627.02,CONFIRMED
4644604,K00628.01,CONFIRMED
4656049,K00629.01,CONFIRMED
4742414,K00631.01,CONFIRMED
7764367,K00685.01,CONFIRMED
10227020,K00730.02,CONFIRMED
10227020,K00730.03,CONFIRMED
6678383,K00111.03,CONFIRMED
10227020,K00730.04,CONFIRMED
4827723,K00632.01,CONFIRMED
4841374,K00633.01,CONFIRMED
5020319,K00635.01,CONFIRMED
8161561,K00688.01,CONFIRMED
8361905,K00689.01,CONFIRMED
12116489,K00547.03,CONFIRMED
11250587,K00107.01,CONFIRMED
8480285,K00691.01,CONFIRMED
8480285,K00691.02,CONFIRMED
10265898,K00732.01,CONFIRMED
10265898,K00732.03,CONFIRMED
10271806,K00733.01,CONFIRMED
10271806,K00733.02,CONFIRMED
5113822,K00638.01,CONFIRMED
5113822,K00638.02,CONFIRMED
5120087,K00639.01,CONFIRMED
5121511,K00640.01,CONFIRMED
8557374,K00692.01,CONFIRMED
8557374,K00692.02,CONFIRMED
8738735,K00693.01,CONFIRMED
8738735,K00693.02,CONFIRMED
8802165,K00694.01,CONFIRMED
10271806,K00733.03,CONFIRMED
10271806,K00733.04,CONFIRMED
10272442,K00734.01,CONFIRMED
10984090,K00112.01,CONFIRMED
8805348,K00695.01,CONFIRMED
8878187,K00697.01,CONFIRMED
4914423,K00108.01,CONFIRMED
10340423,K00736.01,CONFIRMED
10340423,K00736.02,CONFIRMED
10358759,K00738.01,CONFIRMED
5374854,K00645.01,CONFIRMED
5374854,K00645.02,CONFIRMED
5531694,K00647.01,CONFIRMED
8962094,K00700.01,CONFIRMED
8962094,K00700.02,CONFIRMED
8962094,K00700.03,CONFIRMED
8962094,K00700.04,CONFIRMED
10358759,K00738.02,CONFIRMED
10386984,K00739.01,CONFIRMED
10395381,K00740.01,CONFIRMED
5613330,K00649.01,CONFIRMED
8456679,K00102.01,CONFIRMED
5786676,K00650.01,CONFIRMED
5796675,K00652.01,CONFIRMED
9002278,K00701.01,CONFIRMED
9002278,K00701.02,CONFIRMED
9002278,K00701.03,CONFIRMED
4914423,K00108.02,CONFIRMED
5941160,K00654.01,CONFIRMED
5941160,K00654.02,CONFIRMED
5966154,K00655.01,CONFIRMED
5966154,K00655.02,CONFIRMED
9266431,K00704.01,CONFIRMED
9458613,K00707.01,CONFIRMED
9458613,K00707.02,CONFIRMED
6020753,K00657.01,CONFIRMED
8456679,K00102.02,CONFIRMED
6020753,K00657.02,CONFIRMED
6062088,K00658.01,CONFIRMED
9458613,K00707.03,CONFIRMED
9458613,K00707.04,CONFIRMED
9458613,K00707.05,CONFIRMED
9530945,K00708.01,CONFIRMED
6062088,K00658.02,CONFIRMED
6062088,K00658.03,CONFIRMED
6125481,K00659.01,CONFIRMED
6267535,K00660.01,CONFIRMED
6347299,K00661.01,CONFIRMED
9530945,K00708.02,CONFIRMED
9578686,K00709.01,CONFIRMED
9590976,K00710.01,CONFIRMED
9590976,K00710.02,CONFIRMED
9590976,K00710.03,CONFIRMED
4832837,K00605.01,CONFIRMED
6347299,K00661.02,CONFIRMED
6365156,K00662.01,CONFIRMED
6425957,K00663.01,CONFIRMED
2444412,K00103.01,CONFIRMED
6425957,K00663.02,CONFIRMED
9597345,K00711.01,CONFIRMED
9597345,K00711.02,CONFIRMED
9597345,K00711.03,CONFIRMED
5686174,K00610.01,CONFIRMED
6462863,K00094.04,CONFIRMED
6442340,K00664.01,CONFIRMED
6442340,K00664.02,CONFIRMED
6442340,K00664.03,CONFIRMED
6685609,K00665.01,CONFIRMED
6685609,K00665.02,CONFIRMED
9450647,K00110.01,CONFIRMED
9702072,K00714.01,CONFIRMED
9873254,K00717.01,CONFIRMED
6587002,K00612.01,CONFIRMED
6587002,K00612.02,CONFIRMED
7368664,K00614.01,CONFIRMED
6685609,K00665.03,CONFIRMED
6707835,K00666.01,CONFIRMED
10318874,K00104.01,CONFIRMED
9873254,K00717.02,CONFIRMED
9884104,K00718.01,CONFIRMED
9884104,K00718.02,CONFIRMED
9884104,K00718.03,CONFIRMED
9950612,K00719.01,CONFIRMED
10353968,K00618.01,CONFIRMED
11773022,K00620.01,CONFIRMED
7033671,K00670.01,CONFIRMED
7040629,K00671.01,CONFIRMED
7040629,K00671.02,CONFIRMED
7040629,K00671.03,CONFIRMED
7040629,K00671.04,CONFIRMED
9950612,K00719.02,CONFIRMED
6678383,K00111.01,CONFIRMED
9950612,K00719.03,CONFIRMED
9950612,K00719.04,CONFIRMED
9963524,K00720.01,CONFIRMED
5780885,K00097.01,CONFIRMED
11773022,K00620.02,CONFIRMED
11773022,K00620.03,CONFIRMED
12068975,K00623.01,CONFIRMED
7115785,K00672.01,CONFIRMED
7115785,K00672.02,CONFIRMED
7124613,K00673.01,CONFIRMED
8711794,K00105.01,CONFIRMED
7277317,K00674.01,CONFIRMED
9963524,K00720.02,CONFIRMED
9963524,K00720.03,CONFIRMED
9963524,K00720.04,CONFIRMED
9964801,K00721.01,CONFIRMED
9965439,K00722.01,CONFIRMED
12068975,K00623.02,CONFIRMED
12068975,K00623.03,CONFIRMED
12068975,K00623.04,CONFIRMED
3541946,K00624.01,CONFIRMED
3541946,K00624.02,CONFIRMED
10264660,K00098.01,CONFIRMED
7447200,K00676.01,CONFIRMED
7447200,K00676.02,CONFIRMED
7509886,K00678.01,CONFIRMED
7509886,K00678.02,CONFIRMED
10002866,K00723.01,CONFIRMED
10002866,K00723.02,CONFIRMED
6678383,K00111.02,CONFIRMED
10002866,K00723.03,CONFIRMED
3541946,K00624.03,CONFIRMED
4478168,K00626.01,CONFIRMED
4563268,K00627.01,CONFIRMED
7515212,K00679.01,CONFIRMED
7515212,K00679.02,CONFIRMED
7529266,K00680.01,CONFIRMED
8686373,K04066.01,CONFIRMED
3867615,K02289.02,CONFIRMED
5530112,K04067.01,CONFIRMED
6226908,K04068.01,CONFIRMED
5906694,K04069.01,CONFIRMED
9956082,K04139.01,CONFIRMED
6755944,K04072.01,CONFIRMED
9334893,K02298.02,CONFIRMED
10000941,K04146.01,CONFIRMED
9455677,K04076.01,CONFIRMED
11465651,K04150.01,CONFIRMED
3937814,K04084.01,CONFIRMED
5881120,K04156.01,CONFIRMED
4548098,K04157.01,CONFIRMED
4770617,K02243.02,CONFIRMED
6106282,K04087.01,CONFIRMED
4078311,K04166.01,CONFIRMED
11709124,K00435.05,CONFIRMED
9022166,K02175.02,CONFIRMED
3103227,K04091.01,CONFIRMED
4850961,K04092.01,CONFIRMED
8439323,K04153.01,CONFIRMED
4458082,K02303.02,CONFIRMED
10714072,K04024.01,CONFIRMED
5942808,K02250.02,CONFIRMED
5688683,K04097.01,CONFIRMED
6607644,K04159.01,CONFIRMED
7610663,K04160.01,CONFIRMED
8951205,K04099.01,CONFIRMED
7838675,K04169.01,CONFIRMED
7100673,K04032.01,CONFIRMED
7100673,K04032.02,CONFIRMED
3747817,K04103.01,CONFIRMED
9071593,K02257.02,CONFIRMED
10089911,K04034.01,CONFIRMED
11415243,K04036.01,CONFIRMED
3548044,K02194.02,CONFIRMED
11401767,K02195.02,CONFIRMED
11709124,K00435.06,CONFIRMED
8613535,K02263.02,CONFIRMED
3955817,K04117.01,CONFIRMED
10360722,K04051.01,CONFIRMED
6349881,K04121.01,CONFIRMED
1718958,K04053.01,CONFIRMED
6428794,K04054.01,CONFIRMED
4673628,K04056.01,CONFIRMED
11401767,K02195.03,CONFIRMED
9718066,K02287.02,CONFIRMED
9272070,K04126.01,CONFIRMED
5088400,K04127.01,CONFIRMED
8087812,K04343.01,CONFIRMED
5308537,K04409.01,CONFIRMED
5281113,K04411.01,CONFIRMED
6026924,K04276.01,CONFIRMED
3244792,K04347.01,CONFIRMED
1724719,K04212.01,CONFIRMED
8120608,K00571.05,CONFIRMED
9366617,K04215.01,CONFIRMED
4548011,K04288.01,CONFIRMED
8459663,K04356.01,CONFIRMED
7046035,K04424.01,CONFIRMED
8463346,K02529.02,CONFIRMED
5868793,K04290.01,CONFIRMED
10063208,K04292.01,CONFIRMED
10669994,K04360.01,CONFIRMED
9183378,K04222.01,CONFIRMED
7596240,K04295.01,CONFIRMED
7427764,K04364.01,CONFIRMED
8416523,K04441.01,CONFIRMED
9872831,K04230.01,CONFIRMED
12306058,K02541.02,CONFIRMED
8507475,K04300.01,CONFIRMED
8773015,K04301.01,CONFIRMED
11080405,K02442.02,CONFIRMED
11509504,K04232.01,CONFIRMED
11611275,K04234.01,CONFIRMED
11612280,K04304.01,CONFIRMED
11444514,K04371.01,CONFIRMED
9886361,K02732.02,CONFIRMED
9702006,K04372.01,CONFIRMED
6587002,K00612.03,CONFIRMED
11718389,K04444.01,CONFIRMED
10329196,K04446.01,CONFIRMED
10604592,K04447.01,CONFIRMED
9285568,K04241.01,CONFIRMED
7604328,K02458.02,CONFIRMED
7103919,K04310.01,CONFIRMED
10722485,K04312.01,CONFIRMED
6937529,K04382.01,CONFIRMED
5177859,K04246.01,CONFIRMED
9883606,K04383.01,CONFIRMED
5860968,K04384.01,CONFIRMED
3645438,K04385.01,CONFIRMED
8480582,K04386.01,CONFIRMED
11125613,K02485.02,CONFIRMED
10525049,K04252.01,CONFIRMED
9896018,K02579.02,CONFIRMED
5095082,K04320.01,CONFIRMED
11560897,K02365.02,CONFIRMED
6752002,K04184.01,CONFIRMED
7257966,K04185.01,CONFIRMED
10407482,K04255.01,CONFIRMED
5371777,K04327.01,CONFIRMED
6879171,K04188.01,CONFIRMED
9897364,K04189.01,CONFIRMED
12505503,K04190.01,CONFIRMED
10526887,K04261.01,CONFIRMED
11125613,K02485.03,CONFIRMED
8733898,K02842.03,CONFIRMED
9828127,K04192.01,CONFIRMED
5644412,K04194.01,CONFIRMED
10730070,K04335.01,CONFIRMED
2831055,K04400.01,CONFIRMED
7703882,K04403.01,CONFIRMED
5340878,K04199.01,CONFIRMED
7450747,K04267.01,CONFIRMED
7826620,K04268.01,CONFIRMED
8890924,K04269.01,CONFIRMED
8573193,K04337.01,CONFIRMED
7673841,K02585.02,CONFIRMED
5084171,K04202.01,CONFIRMED
11968463,K02433.03,CONFIRMED
10593535,K04204.01,CONFIRMED
5959719,K02498.02,CONFIRMED
9701962,K04617.01,CONFIRMED
5977470,K04550.01,CONFIRMED
11284772,K04622.01,CONFIRMED
6153407,K03179.01,CONFIRMED
11519187,K04625.01,CONFIRMED
8417078,K04693.01,CONFIRMED
9898017,K04484.01,CONFIRMED
6278762,K03158.02,CONFIRMED
4556468,K04491.01,CONFIRMED
7747457,K04561.01,CONFIRMED
10026502,K04706.01,CONFIRMED
9002278,K00701.05,CONFIRMED
11650401,K04566.01,CONFIRMED
6278762,K03158.03,CONFIRMED
9100953,K04500.01,CONFIRMED
6761777,K04571.01,CONFIRMED
9412623,K04640.01,CONFIRMED
4735826,K03184.01,CONFIRMED
7778621,K04725.01,CONFIRMED
9100953,K04500.02,CONFIRMED
6278762,K03158.04,CONFIRMED
4545570,K04506.01,CONFIRMED
11671579,K04510.01,CONFIRMED
9216775,K04513.01,CONFIRMED
6278762,K03158.05,CONFIRMED
9009036,K04585.01,CONFIRMED
2857607,K04659.01,CONFIRMED
5962262,K04661.01,CONFIRMED
7429240,K04450.01,CONFIRMED
5003670,K04524.01,CONFIRMED
7133294,K04473.01,CONFIRMED
4381429,K04474.01,CONFIRMED
10220837,K04613.01,CONFIRMED
6278762,K03158.01,CONFIRMED
6276791,K04477.02,CONFIRMED
8636600,K04478.01,CONFIRMED
9447166,K03296.01,CONFIRMED
8151055,K03298.01,CONFIRMED
3348082,K01196.02,CONFIRMED
10615440,K04765.01,CONFIRMED
7510820,K03303.01,CONFIRMED
7983117,K03214.01,CONFIRMED
6880517,K03305.01,CONFIRMED
6615511,K03306.01,CONFIRMED
3632089,K03308.01,CONFIRMED
8397947,K04772.02,CONFIRMED
9569711,K03232.01,CONFIRMED
12314973,K00279.03,CONFIRMED
3348082,K01196.03,CONFIRMED
3632089,K03308.02,CONFIRMED
12735830,K03311.01,CONFIRMED
6592335,K04777.01,CONFIRMED
10057494,K03234.01,CONFIRMED
6587796,K03237.01,CONFIRMED
8554701,K03315.01,CONFIRMED
9031209,K03316.01,CONFIRMED
8073705,K03245.01,CONFIRMED
4271474,K03324.01,CONFIRMED
11497958,K01422.04,CONFIRMED
9885417,K03246.01,CONFIRMED
8331612,K03318.01,CONFIRMED
5965819,K03319.01,CONFIRMED
5965819,K03319.02,CONFIRMED
8183288,K03255.01,CONFIRMED
5965819,K03319.03,CONFIRMED
8280511,K01151.03,CONFIRMED
12156174,K03260.01,CONFIRMED
4736644,K03330.01,CONFIRMED
12055539,K03261.01,CONFIRMED
12056139,K03262.01,CONFIRMED
9021075,K04733.01,CONFIRMED
4473613,K04803.01,CONFIRMED
8826007,K03266.01,CONFIRMED
8620402,K03267.01,CONFIRMED
7285757,K03271.01,CONFIRMED
5280587,K03274.01,CONFIRMED
4138008,K04742.01,CONFIRMED
3120904,K03277.01,CONFIRMED
11757451,K04745.01,CONFIRMED
8047428,K04747.01,CONFIRMED
11513486,K04748.01,CONFIRMED
11189311,K03220.01,CONFIRMED
3544640,K03279.01,CONFIRMED
10653179,K03280.01,CONFIRMED
12066569,K03282.01,CONFIRMED
6497146,K03284.01,CONFIRMED
8016691,K03286.01,CONFIRMED
6584273,K03287.01,CONFIRMED
5768816,K03288.01,CONFIRMED
6368175,K03503.01,CONFIRMED
4939346,K01873.02,CONFIRMED
11455428,K03365.01,CONFIRMED
6265665,K03436.01,CONFIRMED
4645174,K03437.01,CONFIRMED
11657614,K03370.02,CONFIRMED
9785921,K03372.01,CONFIRMED
6599975,K03438.01,CONFIRMED
4282191,K03439.01,CONFIRMED
3559860,K03440.01,CONFIRMED
9967771,K01875.02,CONFIRMED
6705026,K03374.01,CONFIRMED
6779726,K03375.01,CONFIRMED
7288306,K03443.01,CONFIRMED
11860395,K03445.01,CONFIRMED
9529744,K01806.02,CONFIRMED
2995392,K03379.01,CONFIRMED
8078502,K03383.01,CONFIRMED
6975129,K01628.02,CONFIRMED
8644365,K03384.02,CONFIRMED
6364582,K03456.01,CONFIRMED
9529744,K01806.03,CONFIRMED
10328393,K01905.02,CONFIRMED
6118370,K03458.01,CONFIRMED
2717158,K03459.01,CONFIRMED
11521793,K00352.02,CONFIRMED
9085563,K03393.01,CONFIRMED
11337372,K01650.02,CONFIRMED
9763612,K03465.01,CONFIRMED
3561464,K03398.01,CONFIRMED
3561464,K03398.02,CONFIRMED
5213404,K03468.01,CONFIRMED
11551692,K01781.03,CONFIRMED
5531953,K01681.02,CONFIRMED
11754430,K03403.01,CONFIRMED
9995771,K03470.02,CONFIRMED
5213230,K03474.01,CONFIRMED
3326377,K01830.02,CONFIRMED
10922659,K03335.01,CONFIRMED
6021275,K00284.04,CONFIRMED
7869917,K01525.02,CONFIRMED
11754430,K03403.02,CONFIRMED
8409295,K03404.01,CONFIRMED
7131760,K03407.01,CONFIRMED
11853878,K01833.02,CONFIRMED
9285265,K03410.01,CONFIRMED
5780930,K03412.01,CONFIRMED
7288444,K03482.01,CONFIRMED
10881457,K03484.01,CONFIRMED
11810124,K03344.01,CONFIRMED
3433668,K03415.01,CONFIRMED
7503885,K03417.01,CONFIRMED
3629330,K03418.01,CONFIRMED
11853878,K01833.03,CONFIRMED
11810124,K03344.02,CONFIRMED
11303322,K03345.01,CONFIRMED
11241912,K03346.01,CONFIRMED
8824737,K03347.01,CONFIRMED
9349757,K03348.01,CONFIRMED
7703955,K01707.02,CONFIRMED
8880123,K03493.01,CONFIRMED
8636333,K03349.01,CONFIRMED
8081239,K03352.01,CONFIRMED
3745559,K03423.01,CONFIRMED
9117416,K03425.01,CONFIRMED
9117416,K03425.02,CONFIRMED
7517261,K03496.01,CONFIRMED
8424002,K03497.01,CONFIRMED
10657406,K01837.02,CONFIRMED
7091432,K03353.01,CONFIRMED
6368230,K03356.01,CONFIRMED
9027909,K03428.01,CONFIRMED
9230021,K03429.02,CONFIRMED
8552719,K01792.03,CONFIRMED
6058816,K03500.01,CONFIRMED
6619815,K03361.01,CONFIRMED
11651712,K03363.01,CONFIRMED
9896558,K01718.02,CONFIRMED
8738775,K03432.01,CONFIRMED
3728432,K03893.01,CONFIRMED
6696580,K02092.03,CONFIRMED
9892816,K01955.03,CONFIRMED
5384079,K02011.02,CONFIRMED
11709124,K00435.03,CONFIRMED
9480535,K03901.01,CONFIRMED
3128552,K02055.02,CONFIRMED
9892816,K01955.04,CONFIRMED
4150804,K03678.01,CONFIRMED
9025971,K03680.01,CONFIRMED
2581316,K03681.01,CONFIRMED
2581554,K03835.01,CONFIRMED
3128552,K02055.03,CONFIRMED
10363115,K03908.01,CONFIRMED
9761615,K03911.01,CONFIRMED
2581316,K03681.02,CONFIRMED
10795103,K03683.01,CONFIRMED
8494410,K03685.02,CONFIRMED
5784777,K03916.01,CONFIRMED
6949061,K01960.02,CONFIRMED
7102316,K02028.03,CONFIRMED
11518142,K03762.01,CONFIRMED
10788461,K03925.01,CONFIRMED
10788461,K03925.02,CONFIRMED
10788461,K03925.03,CONFIRMED
12784167,K03848.01,CONFIRMED
11253711,K01972.02,CONFIRMED
9489524,K02029.03,CONFIRMED
11709124,K00435.04,CONFIRMED
8505920,K02094.02,CONFIRMED
4242692,K03928.01,CONFIRMED
6105462,K02098.02,CONFIRMED
8257205,K01986.02,CONFIRMED
4164922,K03864.01,CONFIRMED
12061969,K02061.02,CONFIRMED
10328393,K01905.03,CONFIRMED
5437945,K03791.01,CONFIRMED
9353742,K03867.01,CONFIRMED
9101496,K01915.02,CONFIRMED
11450414,K01992.02,CONFIRMED
12557548,K03794.01,CONFIRMED
3657758,K02034.02,CONFIRMED
9517393,K02076.02,CONFIRMED
3440118,K03876.01,CONFIRMED
4472818,K03878.01,CONFIRMED
9411166,K01922.03,CONFIRMED
12154526,K02004.02,CONFIRMED
8804845,K02039.02,CONFIRMED
7515679,K03728.01,CONFIRMED
9351316,K02078.02,CONFIRMED
5202905,K01932.02,CONFIRMED
11760860,K03892.01,CONFIRMED
12735740,K03663.01,CONFIRMED
8552719,K01792.01,CONFIRMED
3732035,K03966.01,CONFIRMED
5195172,K01671.01,CONFIRMED
8832512,K01821.01,CONFIRMED
9280239,K03975.01,CONFIRMED
9886255,K01846.01,CONFIRMED
9205938,K02162.02,CONFIRMED
6803855,K01695.01,CONFIRMED
10153855,K01981.01,CONFIRMED
7762723,K02663.01,CONFIRMED
4178606,K02728.01,CONFIRMED
5980208,K02742.01,CONFIRMED
8036287,K03984.01,CONFIRMED
11187436,K01804.01,CONFIRMED
9823519,K02793.01,CONFIRMED
7047824,K02806.01,CONFIRMED
11358389,K02163.02,CONFIRMED
9602613,K02612.01,CONFIRMED
5807769,K02614.01,CONFIRMED
6041734,K02167.03,CONFIRMED
6606438,K02860.01,CONFIRMED
5773121,K04002.01,CONFIRMED
4814502,K04004.01,CONFIRMED
8142787,K04005.01,CONFIRMED
11075429,K02198.01,CONFIRMED
11705004,K02199.01,CONFIRMED
11244682,K03933.01,CONFIRMED
5895158,K03935.01,CONFIRMED
4173026,K02172.02,CONFIRMED
8934103,K04009.01,CONFIRMED
4947556,K03936.02,CONFIRMED
9009953,K04014.01,CONFIRMED
7679812,K03943.01,CONFIRMED
8282846,K04015.01,CONFIRMED
5938970,K04016.01,CONFIRMED
7375348,K00266.01,CONFIRMED
8636434,K03946.01,CONFIRMED
7810483,K01943.01,CONFIRMED
9904006,K02135.03,CONFIRMED
8081187,K01951.01,CONFIRMED
12061969,K02061.01,CONFIRMED
6342333,K02065.01,CONFIRMED
10404582,K02147.02,CONFIRMED
4570949,K01658.01,CONFIRMED
11497958,K01422.05,CONFIRMED
6444896,K03138.01,CONFIRMED
11442793,K00351.05,CONFIRMED
11442793,K00351.06,CONFIRMED
9758089,K01871.02,CONFIRMED
10005758,K01783.02,CONFIRMED
12405333,K03009.01,CONFIRMED
2715695,K03077.01,CONFIRMED
11442793,K00351.04,CONFIRMED
12352520,K03094.01,CONFIRMED
7455981,K03096.01,CONFIRMED
5474613,K01599.02,CONFIRMED
9823519,K02793.02,CONFIRMED
10587105,K00339.03,CONFIRMED
8558011,K00577.02,CONFIRMED
7742408,K03478.01,CONFIRMED
8231667,K03494.01,CONFIRMED
5437945,K03791.02,CONFIRMED
1873513,K04928.01,CONFIRMED
5551240,K05178.01,CONFIRMED
4760478,K05084.01,CONFIRMED
6184894,K05245.01,CONFIRMED
9002278,K00701.04,CONFIRMED
6026438,K02045.03,CONFIRMED
8753896,K02473.03,CONFIRMED
11177676,K03281.01,CONFIRMED
7731281,K05416.01,CONFIRMED
8745553,K05568.01,CONFIRMED
7978202,K05454.01,CONFIRMED
8891684,K05581.01,CONFIRMED
9715631,K05706.01,CONFIRMED
10777591,K05827.01,CONFIRMED
8037038,K05466.01,CONFIRMED
8105398,K05475.01,CONFIRMED
9141355,K05622.01,CONFIRMED
11037818,K05856.01,CONFIRMED
11176166,K05875.01,CONFIRMED
10055126,K01608.03,CONFIRMED
9285265,K03410.02,CONFIRMED
6368175,K03503.02,CONFIRMED
8653134,K06186.01,CONFIRMED
8030339,K03954.02,CONFIRMED
8037145,K00520.04,CONFIRMED
7100673,K04032.03,CONFIRMED
7100673,K04032.04,CONFIRMED
3634051,K06103.01,CONFIRMED
3645438,K04385.02,CONFIRMED
8780959,K03741.03,CONFIRMED
8780959,K03741.04,CONFIRMED
5629353,K06132.02,CONFIRMED
10717220,K06228.01,CONFIRMED
10989274,K06233.01,CONFIRMED
4247991,K02311.03,CONFIRMED
9839821,K02012.02,CONFIRMED
6221385,K06145.01,CONFIRMED
6221385,K06145.02,CONFIRMED
7908367,K06166.01,CONFIRMED
7908367,K06166.02,CONFIRMED
4142847,K02210.02,CONFIRMED
4665571,K02393.02,CONFIRMED
12206313,K02714.03,CONFIRMED
10122538,K02926.03,CONFIRMED
10122538,K02926.04,CONFIRMED
11125797,K03371.02,CONFIRMED
4735826,K03184.02,CONFIRMED
11442793,K00351.07,CONFIRMED
11450414,K01992.03,CONFIRMED
8540376,K07892.01,CONFIRMED
10736489,K07368.01,CONFIRMED
10843431,K07378.01,CONFIRMED
7350067,K06863.01,CONFIRMED
9730163,K02704.03,CONFIRMED
8311864,K07016.01,CONFIRMED
7935997,K05447.02,CONFIRMED
8873450,K07913.01,CONFIRMED
