target_id,true_label,period,p_joint,p_1d,p_2d,disagreement
tess2024003055635,confirmed_planet,10.019039923318463,0.63051164,1.0,0.0042188167572021484,0.9957811832427979
tess2024196212429,confirmed_planet,5.940475702196545,0.5985566,1.0,0.06442475318908691,0.9355752468109131
tess2024223182411,confirmed_planet,10.2382135371783,0.6162493,1.0,0.0,1.0
tess2024249191853,confirmed_planet,9.788289287925906,0.5801534,1.0,0.0,1.0
tess2024030031500,confirmed_planet,13.608217197628443,0.59615827,1.0,0.0,1.0
tess2019198215352,confirmed_planet,5.397378567840663,0.5776923,1.0,0.10547366738319397,0.8945263624191284
tess2022190063128,confirmed_planet,1.259632323936515,0.5850376,1.0,0.0,1.0
tess2021204101404,confirmed_planet,10.84880192802967,0.60310733,1.0,0.02621394395828247,0.9737860560417175
tess2022164095748,confirmed_planet,10.185505270439918,0.62098485,1.0,0.09824246168136597,0.901757538318634
tess2022217014003,confirmed_planet,13.407464330008843,0.6059396,1.0,0.09426403045654297,0.905735969543457
tess2024170053053,confirmed_planet,1.3925734867263142,0.56742054,1.0,0.03166842460632324,0.9683315753936768
tess2021175071901,confirmed_planet,4.893156401390403,0.41891548,1.0,0.0,1.0
tess2024058030222,confirmed_planet,9.895442428206465,0.58187574,1.0,0.0,1.0
tess2023341045131,confirmed_planet,1.4814496758354636,0.48895997,1.0,0.0,1.0
tess2019226182529,confirmed_planet,3.0342473166976487,0.55649465,1.0,0.0,1.0
tess2020160202036,confirmed_planet,2.0134807690038503,0.6069331,1.0,0.0,1.0
tess2022244194134,confirmed_planet,8.341544707743028,0.57730246,1.0,0.0010250210762023926,0.9989749789237976
10657406,false_positive,15.877400840297923,0.06715714,0.6699173450469971,0.0,0.6699173450469971
11554435,false_positive,5.460957285381544,0.3390473,0.9423622488975525,0.0,0.9423622488975525
10854555,false_positive,31.222082682282267,0.098192304,0.7073010206222534,0.0,0.7073010206222534
11651712,false_positive,11.381593680489694,0.20925747,0.818010687828064,0.0,0.818010687828064
10386984,false_positive,12.82312724308433,0.56831026,1.0,0.017896533012390137,0.9821034669876099
10864656,false_positive,12.305820665665669,0.53095156,1.0,0.0,1.0
11285870,false_positive,43.84983993899202,0.12880132,0.7931650876998901,0.0,0.7931650876998901
11127479,false_positive,14.808211941618376,0.24672319,0.852125346660614,0.0,0.852125346660614
11283615,false_positive,21.43693892792794,0.09877395,0.7746860980987549,0.0,0.7746860980987549
10601284,false_positive,10.344115658286716,0.12737465,0.9034119248390198,0.0,0.9034119248390198
10843590,false_positive,28.375238429879865,0.07894993,0.6982717514038086,0.0,0.6982717514038086
10528068,false_positive,16.46756965949979,0.3058951,1.0,0.0,1.0
11126381,false_positive,12.4454652498999,0.07115439,0.6503565907478333,0.0,0.6503565907478333
11457726,false_positive,5.374171566063151,0.14245102,0.6930050849914551,0.0,0.6930050849914551
11037511,false_positive,13.034252321271255,0.17972675,0.8550742864608765,0.0,0.8550742864608765
11499228,false_positive,31.10699133593595,0.1829852,0.9464795589447021,0.0,0.9464795589447021
11133306,false_positive,41.76195439339334,0.11208466,0.7403011322021484,0.0,0.7403011322021484
11656246,false_positive,47.432218842842815,0.24151376,0.8059760332107544,0.0,0.8059760332107544
10963242,false_positive,28.764554606412975,0.48521692,1.0,0.0,1.0
11601584,false_positive,41.65640434353853,0.20620856,0.800139307975769,0.0,0.800139307975769
10723750,false_positive,35.751731505405395,0.19097815,0.787570059299469,0.0,0.787570059299469
10388286,false_positive,38.70303741972446,0.10419283,0.7230799198150635,0.0,0.7230799198150635
10713616,false_positive,1.6976349661661663,0.10077519,0.7198302149772644,0.0,0.7198302149772644
11288505,false_positive,19.82665383843953,0.18581817,0.866163969039917,0.0,0.866163969039917
11547513,false_positive,23.87762123513515,0.11854473,0.7263649702072144,0.0,0.7263649702072144
10264660,false_positive,6.78549813583584,0.28268173,0.8244776725769043,0.0,0.8244776725769043
10937029,false_positive,4.030333446928678,0.11134709,0.7595077753067017,0.0,0.7595077753067017
11122894,false_positive,33.25446508499629,0.05864036,0.7602909207344055,0.0,0.7602909207344055
11027624,false_positive,31.56135176346342,0.21304063,0.8388932943344116,0.0,0.8388932943344116
11401755,false_positive,8.037488965041279,0.14396746,0.8426259160041809,0.0,0.8426259160041809
10525077,false_positive,1.8139441420567706,0.106710024,0.6729768514633179,0.0,0.6729768514633179
10984090,false_positive,3.703461821321321,0.4181353,1.0,0.0,1.0
10538176,false_positive,12.703302124621343,0.12597485,0.7587772607803345,0.0,0.7587772607803345
10285631,false_positive,14.745159282582575,0.11343426,0.7580280303955078,0.0,0.7580280303955078
11086270,false_positive,12.68657500816817,0.33668935,0.9557402729988098,0.0,0.9557402729988098
11360805,false_positive,21.872319572072072,0.098795325,0.7964295148849487,0.0,0.7964295148849487
10001368,false_positive,22.495327689289276,0.10479337,0.7336251139640808,0.0,0.7336251139640808
10934674,false_positive,24.852731681681682,0.06751317,0.6172962188720703,0.0,0.6172962188720703
10748390,false_positive,41.97381167467465,0.013315113,0.5454491376876831,0.0,0.5454491376876831
11403530,false_positive,35.61225599559564,0.23261084,0.7837792634963989,0.0,0.7837792634963989
10214162,false_positive,17.40637660515644,0.21044862,0.8130985498428345,0.0,0.8130985498428345
10187017,false_positive,1.5855117702702681,0.26123384,0.8972079753875732,0.0,0.8972079753875732
11611275,false_positive,9.985838519914976,0.14668839,0.8284795880317688,0.0,0.8284795880317688
10552611,false_positive,13.95813453653653,0.12341465,0.712197482585907,0.0,0.712197482585907
11250587,false_positive,3.942607222227763,0.11547287,0.9146060943603516,0.0,0.9146060943603516
10337258,false_positive,29.180203671471478,0.0895017,0.8052317500114441,0.0,0.8052317500114441
10910878,false_positive,16.066407572681662,0.16514754,0.6768937110900879,0.0,0.6768937110900879
10157458,false_positive,1.787682994670648,0.17546989,0.8404150009155273,0.0,0.8404150009155273
11391957,false_positive,16.735550900000007,0.15616989,0.7074597477912903,0.0,0.7074597477912903
10577994,false_positive,48.76679122985885,0.15863597,0.9022698402404785,0.0,0.9022698402404785
11455181,false_positive,44.41594582109984,0.2469859,0.8791511058807373,0.0,0.8791511058807373
11551692,false_positive,10.438607357357348,0.05601249,0.7014012336730957,0.0,0.7014012336730957
10684670,false_positive,12.748990576735252,0.17172134,0.6923791766166687,0.0,0.6923791766166687
10795103,false_positive,21.12024956442871,0.23965465,0.9513847231864929,0.0,0.9513847231864929
11449844,false_positive,11.338991926756785,0.6002556,1.0,0.0,1.0
10123064,false_positive,16.81767778142601,0.15000154,0.8493723273277283,0.0,0.8493723273277283
10253547,false_positive,9.302109544031277,0.104153246,0.8227580785751343,0.0,0.8227580785751343
10004519,false_positive,9.803106229929941,0.21211872,0.7487938404083252,0.0,0.7487938404083252
10153855,false_positive,11.91225998518465,0.040309,0.6962087750434875,0.0,0.6962087750434875
11187837,false_positive,17.600829124940628,0.27745664,1.0,0.0,1.0
11253711,false_positive,12.123548077327326,0.09437736,0.7016781568527222,0.0,0.7016781568527222
10358759,false_positive,10.330557670377706,0.5159851,1.0,0.0,1.0
10130039,false_positive,10.753405142342332,0.52605164,1.0,0.0,1.0
10328458,false_positive,12.17911101661662,0.17951638,0.778306782245636,0.0,0.778306782245636
11015323,false_positive,34.19304568290886,0.18953578,0.7534632682800293,0.0,0.7534632682800293
10330115,false_positive,20.455923694294288,0.09941861,0.6573941707611084,0.0,0.6573941707611084
11623629,false_positive,10.557283288288279,0.52124757,1.0,0.0,1.0
11394027,false_positive,16.035769271312585,0.083615676,0.6816513538360596,0.0,0.6816513538360596
10290666,false_positive,5.465248493693693,0.124244615,0.6548072695732117,0.0,0.6548072695732117
11342416,false_positive,2.180020562362364,0.17848608,0.8491287231445312,0.0,0.8491287231445312
10098844,false_positive,1.8599042357152207,0.24144888,0.8713900446891785,0.0,0.8713900446891785
10982872,false_positive,4.756680420953948,0.48286062,1.0,0.0,1.0
10879038,false_positive,38.471746439871474,0.23316908,0.8802183866500854,0.0,0.8802183866500854
10028535,false_positive,23.5180284296198,0.064928666,0.6123553514480591,0.0,0.6123553514480591
10905746,false_positive,15.0792973867392,0.46530387,1.0,0.0,1.0
10554999,false_positive,44.35151537762431,0.27706215,0.9553107023239136,0.0,0.9553107023239136
10963065,false_positive,36.198210245061134,0.119274125,0.8278841376304626,0.0,0.8278841376304626
10141900,false_positive,39.49593091611613,0.21996865,0.8243858814239502,0.0,0.8243858814239502
11568987,false_positive,14.157313102102098,0.12175657,0.8938459157943726,0.0,0.8938459157943726
11414511,false_positive,5.633834125225223,0.042880572,0.6375786662101746,0.0,0.6375786662101746
11295426,false_positive,5.398838440440441,0.38313094,0.9547379016876221,0.0,0.9547379016876221
10604335,false_positive,8.602387138138136,0.12481986,0.8279852271080017,0.0,0.8279852271080017
10397751,false_positive,11.205320918018034,0.15358704,0.7571962475776672,0.0,0.7571962475776672
10318874,false_positive,2.5137357285384496,0.41200358,1.0,0.0,1.0
10874614,false_positive,3.246942685253627,0.05698224,0.786081850528717,0.0,0.786081850528717
11125797,false_positive,7.238444929649406,0.09518059,0.5357471704483032,0.0,0.5357471704483032
11348997,false_positive,17.51543101381383,0.1374571,0.7926644086837769,0.0,0.7926644086837769
11517719,false_positive,2.452867696696696,0.0288206,0.6568831205368042,0.0,0.6568831205368042
11391018,false_positive,30.367590664210766,0.020297348,0.7086107134819031,0.0,0.7086107134819031
10616679,false_positive,25.779442406356363,0.056907453,0.663524329662323,0.0,0.663524329662323
10863608,false_positive,1.2874928555555556,0.1774311,0.7345030307769775,0.0,0.7345030307769775
10213902,false_positive,12.674520575491147,0.13798422,0.7267873287200928,0.0,0.7267873287200928
10593626,false_positive,9.814803694699597,0.3113295,1.0,0.0,1.0
10187159,false_positive,33.448511765115114,0.14505059,0.8917768001556396,0.0,0.8917768001556396
11075737,false_positive,20.671750453703694,0.13381162,0.6461219787597656,0.0,0.6461219787597656
11402995,false_positive,10.069195269387032,0.5697648,1.0,0.0,1.0
10779233,false_positive,31.115507699192005,0.03403326,0.6928874254226685,0.0,0.6928874254226685
10525027,false_positive,14.848965944234468,0.068640165,0.6639503836631775,0.0,0.6639503836631775
10587105,false_positive,17.91555229624334,0.17456698,0.7583563923835754,0.0,0.7583563923835754
10875245,false_positive,14.759587922525942,0.2800081,0.945327639579773,0.0,0.945327639579773
11507101,false_positive,38.37806505785786,0.23565216,0.9342706203460693,0.0,0.9342706203460693
11446443,false_positive,2.4759982620120127,0.4502076,1.0,0.0,1.0
10717241,false_positive,7.998548246629361,0.05891965,0.6806828379631042,0.0,0.6806828379631042
10027247,false_positive,8.141268776652051,0.25829744,0.8260083794593811,0.0,0.8260083794593811
10586004,false_positive,23.687510766403108,0.24430683,0.8879718780517578,0.0,0.8879718780517578
10718726,false_positive,44.22140239364731,0.1210494,0.6870846748352051,0.0,0.6870846748352051
10666592,false_positive,2.199785376082929,0.062012438,0.7242470979690552,0.0,0.7242470979690552
11153539,false_positive,1.4625433533925671,0.024463601,0.644783616065979,0.0,0.644783616065979
11624249,false_positive,3.647110491267062,0.22867876,0.9612950682640076,0.0,0.9612950682640076
10395381,false_positive,13.826132896478324,0.0069975373,0.5809710621833801,0.0,0.5809710621833801
11403339,false_positive,10.70258139718176,0.110434264,0.6965517997741699,0.0,0.6965517997741699
10386922,false_positive,4.845821067117111,0.13976046,0.6762497425079346,0.0,0.6762497425079346
11014932,false_positive,15.03994611666729,0.19221807,0.762947678565979,0.0,0.762947678565979
10526549,false_positive,9.282200533244591,0.22930294,1.0,0.0,1.0
11074835,false_positive,18.052708589339336,0.2583961,0.9522766470909119,0.0,0.9522766470909119
11304958,false_positive,13.801890478978983,0.17445198,0.7730220556259155,0.0,0.7730220556259155
10531955,false_positive,10.208102193243246,0.138373,0.7381250858306885,0.0,0.7381250858306885
11015108,false_positive,14.370728373799492,0.14937276,0.823098361492157,0.0,0.823098361492157
11493431,false_positive,14.925915325562103,0.14877108,0.7590292692184448,0.0,0.7590292692184448
10810838,false_positive,14.163355995995987,0.19779626,0.8376084566116333,0.0,0.8376084566116333
10857519,false_positive,6.073183980981012,0.453666,1.0,0.0,1.0
11298298,false_positive,6.958281572244072,0.38996428,1.0,0.0,1.0
11121752,false_positive,23.49596745517894,0.14104742,0.8269262313842773,0.0,0.8269262313842773
11442793,false_positive,30.648218039589562,0.094812565,0.6966482400894165,0.0,0.6966482400894165
10027323,false_positive,31.36735554698969,0.18998046,0.7377225160598755,0.0,0.7377225160598755
10426656,false_positive,6.049331729506726,0.29861316,0.9884405136108398,0.0,0.9884405136108398
11176127,false_positive,17.62850850930928,0.56959444,1.0,0.0,1.0
10682541,false_positive,9.382800830630623,0.06927814,0.7936979532241821,0.0,0.7936979532241821
11129258,false_positive,14.40513879530933,0.069354825,0.7360473871231079,0.0,0.7360473871231079
10873260,false_positive,5.849826668168169,0.13036226,0.7189092636108398,0.0,0.7189092636108398
10878263,false_positive,8.875437901206338,0.2705627,0.875630795955658,0.0,0.875630795955658
10662202,false_positive,13.285987822858582,0.0956962,0.7368900775909424,0.0,0.7368900775909424
11612280,false_positive,23.7441334178949,0.20413448,0.822314977645874,0.0,0.822314977645874
10454632,false_positive,26.79760669594595,0.07084335,0.6144618988037109,0.0,0.6144618988037109
11565924,false_positive,2.169673746605304,0.117870644,0.718532145023346,0.0,0.718532145023346
10360722,false_positive,42.415736455655626,0.24603838,0.9195924401283264,0.0,0.9195924401283264
10978763,false_positive,16.756604521721734,0.08448366,0.7197455167770386,0.0,0.7197455167770386
11337372,false_positive,10.106507477777782,0.14862469,0.7943353652954102,0.0,0.7943353652954102
11046458,false_positive,6.624523400600598,0.05873252,0.7680729627609253,0.0,0.7680729627609253
11560897,false_positive,15.877344588887354,0.10531893,0.8432953953742981,0.0,0.8432953953742981
10583066,false_positive,6.0247758918919,0.16014521,0.7989017367362976,0.0,0.7989017367362976
11192998,false_positive,7.654852177777786,0.29685912,0.9687486886978149,0.0,0.9687486886978149
11074541,false_positive,35.14518085695993,0.09620862,0.660584568977356,0.0,0.660584568977356
10166274,false_positive,48.58153905000006,0.22977985,0.9016314744949341,0.0,0.9016314744949341
10619192,false_positive,5.981574605343906,0.06532391,0.7282727360725403,0.0,0.7282727360725403
11037335,false_positive,40.7081622169404,0.2722386,0.7726823687553406,0.0,0.7726823687553406
11401182,false_positive,18.552936942442436,0.08191853,0.6671342253684998,0.0,0.6671342253684998
10549023,false_positive,13.478107424062925,0.1407247,0.8658271431922913,0.0,0.8658271431922913
10489345,false_positive,18.179545953241604,0.13518128,0.7096993923187256,0.0,0.7096993923187256
11495458,false_positive,44.86915373293292,0.10910735,0.804654598236084,0.0,0.804654598236084
10189546,false_positive,18.154645045742654,0.59273756,1.0,0.0,1.0
11259686,false_positive,12.040196363363366,0.1348519,0.8136448860168457,0.0,0.8136448860168457
11461844,false_positive,16.6416999310811,0.10595672,0.7985517382621765,0.0,0.7985517382621765
11389771,false_positive,15.013908393402895,0.16117084,0.730279803276062,0.0,0.730279803276062
11509504,false_positive,2.7720480960027922,0.21730796,0.9092068672180176,0.0,0.9092068672180176
11547505,false_positive,19.921513592215124,0.18387032,0.816447913646698,0.0,0.816447913646698
10158729,false_positive,23.36636813666401,0.23687148,0.7342544198036194,0.0,0.7342544198036194
10723367,false_positive,27.979685687950614,0.33448556,1.0,0.0,1.0
10600261,false_positive,17.309723511473464,0.2756032,0.953765869140625,0.0,0.953765869140625
10593535,false_positive,16.772948251051087,0.32214716,0.9443732500076294,0.0,0.9443732500076294
11134879,false_positive,20.78150988550172,0.08140699,0.7837399244308472,0.0,0.7837399244308472
10975146,false_positive,14.459854404954967,0.48871735,1.0,0.0,1.0
10340423,false_positive,42.92072489999998,0.16396682,0.7410699725151062,0.0,0.7410699725151062
10925104,false_positive,11.775278538138135,0.55756485,1.0,0.0,1.0
10329835,false_positive,22.008923416716744,0.111661054,0.7707511186599731,0.0,0.7707511186599731
11403044,false_positive,4.115851408108109,0.20677122,0.9175573587417603,0.0,0.9175573587417603
10599206,false_positive,48.766582904010825,0.17797682,0.9529087543487549,0.0,0.9529087543487549
10404582,false_positive,25.151367973605446,0.200919,0.9365473985671997,0.0,0.9365473985671997
10122255,false_positive,27.66241466506509,0.15759823,0.7271362543106079,0.0,0.7271362543106079
10854768,false_positive,10.118329781487446,0.1533019,0.795139491558075,0.0,0.795139491558075
10028792,false_positive,41.75639880540539,0.027209464,0.6447442173957825,0.0,0.6447442173957825
11359879,false_positive,4.946468321321328,0.054796804,0.6269439458847046,0.0,0.6269439458847046
11236244,false_positive,9.977389398198184,0.16290581,0.804682195186615,0.0,0.804682195186615
11100383,false_positive,4.253443588338338,0.105017126,0.5772901177406311,0.0,0.5772901177406311
10965588,false_positive,9.398183756756778,0.0978571,0.714467465877533,0.0,0.714467465877533
10797460,false_positive,14.936186349549542,0.17682987,0.7931753993034363,0.0,0.7931753993034363
11498128,false_positive,32.628157446058644,0.2078436,0.8604419231414795,0.0,0.8604419231414795
10407482,false_positive,11.932949971571569,0.08993496,0.7811378836631775,0.0,0.7811378836631775
11414465,false_positive,18.072325463063077,0.029699104,0.659478485584259,0.0,0.659478485584259
11497958,false_positive,29.578607513856742,0.11095909,0.8171753287315369,0.0,0.8171753287315369
10489206,false_positive,14.70205936776778,0.10556458,0.7145957350730896,0.0,0.7145957350730896
10724369,false_positive,44.3576038112613,0.11991528,0.836551308631897,0.0,0.836551308631897
10793172,false_positive,9.141565506896939,0.2794942,1.0,0.0,1.0
10272640,false_positive,2.019705145895897,0.20674302,0.7310159802436829,0.0,0.7310159802436829
10005788,false_positive,18.57325148988987,0.2161814,0.8433090448379517,0.0,0.8433090448379517
10154388,false_positive,28.136685144024753,0.15290654,0.8000395894050598,0.0,0.8000395894050598
10858832,false_positive,21.789961362162156,0.12278099,0.7062607407569885,0.0,0.7062607407569885
11303322,false_positive,11.231433885735731,0.28832826,0.8744349479675293,0.0,0.8744349479675293
10717220,false_positive,2.885218629629629,0.09113245,0.728510320186615,0.0,0.728510320186615
10070468,false_positive,34.16678037627628,0.25813663,0.8285768032073975,0.0,0.8285768032073975
11656918,false_positive,14.66728831607947,0.15869103,0.7573286294937134,0.0,0.7573286294937134
10653179,false_positive,13.770827452252245,0.10495617,0.6884869337081909,0.0,0.6884869337081909
10686864,false_positive,14.654511510587707,0.13838229,0.7071939706802368,0.0,0.7071939706802368
10842192,false_positive,48.694673550000005,0.05832706,0.7878535985946655,0.0,0.7878535985946655
11090556,false_positive,43.077939751775794,0.10809114,0.7970736026763916,0.0,0.7970736026763916
11074178,false_positive,18.191221608008,0.082016416,0.6120159029960632,0.0,0.6120159029960632
10730070,false_positive,22.35314370220221,0.11645957,0.7643938660621643,0.0,0.7643938660621643
10080248,false_positive,4.7080435633633595,0.31331927,0.949275553226471,0.0,0.949275553226471
10332883,false_positive,18.878714971015857,0.12808144,0.689268171787262,0.0,0.689268171787262
10813132,false_positive,38.76366061621625,0.09668749,0.7167295813560486,0.0,0.7167295813560486
10353968,false_positive,12.467563805255258,0.08965853,0.7175761461257935,0.0,0.7175761461257935
11069176,false_positive,25.660927322472467,0.07566524,0.5949647426605225,0.0,0.5949647426605225
11499192,false_positive,8.854299204759764,0.16156404,0.7765660881996155,0.0,0.7765660881996155
10064256,false_positive,16.73560655,0.044708,0.6657958030700684,0.0,0.6657958030700684
10669994,false_positive,20.184457660710724,0.22174335,0.7881435751914978,0.0,0.7881435751914978
11153121,false_positive,31.625424619018997,0.17978619,0.8375284671783447,0.0,0.8375284671783447
10059645,false_positive,17.69104610782364,0.13811977,0.6965845227241516,0.0,0.6965845227241516
10019708,false_positive,3.269448345845846,0.5133777,1.0,0.0,1.0
11650401,false_positive,4.707077963376245,0.14487737,0.7999542951583862,0.0,0.7999542951583862
10272442,false_positive,2.319687251878068,0.18369731,0.8690332174301147,0.0,0.8690332174301147
10063208,false_positive,39.772382430730715,0.13823318,0.6598710417747498,0.0,0.6598710417747498
10591855,false_positive,34.76695827367367,0.23651838,0.8968716859817505,0.0,0.8968716859817505
11241912,false_positive,39.12887728378378,0.19037375,0.898987889289856,0.0,0.898987889289856
10266615,false_positive,23.700009694194176,0.07949656,0.6314499974250793,0.0,0.6314499974250793
10908248,false_positive,33.8559442485796,0.19112737,0.8588852286338806,0.0,0.8588852286338806
10005758,false_positive,30.053781801601605,0.14288865,0.8760915994644165,0.0,0.8760915994644165
10663396,false_positive,23.925254950950933,0.15506756,0.7910635471343994,0.0,0.7910635471343994
10987985,false_positive,21.0252580238238,0.04393982,0.6229879260063171,0.0,0.6229879260063171
10872983,false_positive,5.547767547198974,0.20704925,0.7503494620323181,0.0,0.7503494620323181
11622600,false_positive,42.28461030520517,0.13600466,0.7542753219604492,0.0,0.7542753219604492
10526887,false_positive,15.86271290549709,0.13457942,0.7035024762153625,0.0,0.7035024762153625
10024701,false_positive,9.928319567881678,0.054507036,0.5779920220375061,0.0,0.5779920220375061
10586208,false_positive,23.603399728432862,0.21171512,0.7801170945167542,0.0,0.7801170945167542
10136549,false_positive,9.685893771241561,0.5542319,1.0,0.0,1.0
11337566,false_positive,11.611743983578716,0.15999366,0.8774027228355408,0.0,0.8774027228355408
11187436,false_positive,4.58276587702703,0.07097325,0.6161041259765625,0.0,0.6161041259765625
11461433,false_positive,14.195479680480455,0.11735308,0.7758657932281494,0.0,0.7758657932281494
10790387,false_positive,6.39409046651418,0.10662144,0.7748584151268005,0.0,0.7748584151268005
10973814,false_positive,44.869377100101765,0.16319227,0.7613850235939026,0.0,0.7613850235939026
11460462,false_positive,4.195166091891893,0.13395555,0.7844022512435913,0.0,0.7844022512435913
11018648,false_positive,32.61728943373373,0.21396947,0.8878568410873413,0.0,0.8878568410873413
11253827,false_positive,12.434053933933935,0.08020384,0.7047560214996338,0.0,0.7047560214996338
11512246,false_positive,10.73282362867986,0.03592905,0.7592983245849609,0.0,0.7592983245849609
10714072,false_positive,11.136334277277276,0.12637424,0.7548974752426147,0.0,0.7548974752426147
10271806,false_positive,35.68054806331331,0.10001573,0.710175633430481,0.0,0.710175633430481
10909127,false_positive,12.15594193618618,0.23220514,0.8873050212860107,0.0,0.8873050212860107
11308499,false_positive,12.516999182519735,0.0679523,0.7434619665145874,0.0,0.7434619665145874
10010440,false_positive,8.428516942942935,0.20466165,0.8399296998977661,0.0,0.8399296998977661
10730034,false_positive,13.071200538405126,0.12847088,0.6691887378692627,0.0,0.6691887378692627
10973664,false_positive,10.588234675514196,0.0918283,0.79224693775177,0.0,0.79224693775177
10933561,false_positive,31.53429533333332,0.22841775,0.8665342330932617,0.0,0.8665342330932617
10063802,false_positive,9.937259754122785,0.12289417,0.6335901021957397,0.0,0.6335901021957397
10384798,false_positive,39.99693135185182,0.19513308,0.7390116453170776,0.0,0.7390116453170776
11336883,false_positive,11.960195849252532,0.059412174,0.6690014600753784,0.0,0.6690014600753784
11017901,false_positive,6.518479704705402,0.100568704,0.6909785866737366,0.0,0.6909785866737366
10006581,false_positive,40.12275036733438,0.02180858,0.6216157078742981,0.0,0.6216157078742981
10676014,false_positive,10.711429096602497,0.07287881,0.6480039358139038,0.0,0.6480039358139038
10905239,false_positive,3.4942213973473475,0.14691922,0.7343086004257202,0.0,0.7343086004257202
10022908,false_positive,34.27977656022568,0.18146275,0.859440267086029,0.0,0.859440267086029
10965008,false_positive,7.560409260812063,0.22764206,0.8238951563835144,0.0,0.8238951563835144
11403389,false_positive,43.31459357166458,0.052885696,0.7726484537124634,0.0,0.7726484537124634
11453592,false_positive,13.732317625375368,0.183134,0.7537510395050049,0.0,0.7537510395050049
10545066,false_positive,12.298333063063048,0.10579026,0.7528076767921448,0.0,0.7528076767921448
10289119,false_positive,18.154349799999977,0.50178903,1.0,0.0,1.0
10227020,false_positive,10.946116205805772,0.27062428,0.9341687560081482,0.0,0.9341687560081482
11129738,false_positive,9.184471306809527,0.103747584,0.6591236591339111,0.0,0.6591236591339111
10468940,false_positive,9.148420349686305,0.08468362,0.7945288419723511,0.0,0.7945288419723511
10617017,false_positive,7.570687072672673,0.17422387,0.786072850227356,0.0,0.786072850227356
10020423,false_positive,7.442192053153152,0.009160343,0.616541862487793,0.0,0.616541862487793
11135308,false_positive,1.7265796809942828,0.16117366,0.6810458302497864,0.0,0.6810458302497864
10018233,false_positive,35.5589992546546,0.1886165,0.9258314967155457,0.0,0.9258314967155457
11125613,false_positive,22.946902595045046,0.11946326,0.7354333400726318,0.0,0.7354333400726318
10329469,false_positive,20.184590020220217,0.193178,0.9057387113571167,0.0,0.9057387113571167
10513530,false_positive,16.55850961767973,0.26794624,0.943422794342041,0.0,0.943422794342041
11502867,false_positive,3.2138467864864753,0.5128511,1.0,0.0,1.0
10000941,false_positive,13.353791557807806,0.05930676,0.7262439727783203,0.0,0.7262439727783203
10329196,false_positive,22.140901139939945,0.14438874,0.7098101377487183,0.0,0.7098101377487183
11521793,false_positive,38.3286486460208,0.19491005,0.8072112202644348,0.0,0.8072112202644348
10471515,false_positive,11.927808606806806,0.060757685,0.6744286417961121,0.0,0.6744286417961121
10858691,false_positive,31.45941071691691,0.24457765,0.8347108960151672,0.0,0.8347108960151672
10989274,false_positive,2.8600103736236235,0.07273513,0.7159510850906372,0.0,0.7159510850906372
11179076,false_positive,10.658577319819814,0.07607815,0.7093747854232788,0.0,0.7093747854232788
10001893,false_positive,13.948931951422777,0.54117435,1.0,0.0,1.0
10418224,false_positive,6.891459057057055,0.117462575,0.7072733640670776,0.0,0.7072733640670776
11415243,false_positive,26.80682897078005,0.056096572,0.6002030968666077,0.0,0.6002030968666077
10002866,false_positive,10.44853524774776,0.06518548,0.6598138809204102,0.0,0.6598138809204102
11611600,false_positive,14.73136572820008,0.13491908,0.7666707038879395,0.0,0.7666707038879395
11019987,false_positive,13.365043957241147,0.12829448,0.7285325527191162,0.0,0.7285325527191162
10453588,false_positive,22.810940230713292,0.24139994,0.8865296244621277,0.0,0.8865296244621277
11361646,false_positive,9.209592104604733,0.48271042,1.0,0.0,1.0
10122538,false_positive,12.154107984084087,0.19075905,0.7608034014701843,0.0,0.7608034014701843
10089911,false_positive,1.7688427839926542,0.09838912,0.6427602767944336,0.0,0.6427602767944336
10615440,false_positive,41.631615557086484,0.18535613,0.8168051242828369,0.0,0.8168051242828369
10460984,false_positive,4.7555990706706694,0.5511529,1.0,0.0,1.0
10924562,false_positive,11.256662853703693,0.28535962,0.8671600818634033,0.0,0.8671600818634033
11358389,false_positive,12.506320586036049,0.29127103,0.9573657512664795,0.0,0.9573657512664795
11413812,false_positive,5.658311222522529,0.06337175,0.6924691200256348,0.0,0.6924691200256348
10203349,false_positive,38.99588138158161,0.23298088,0.8679937124252319,0.0,0.8679937124252319
11189311,false_positive,37.375443228685256,0.050444644,0.7512685656547546,0.0,0.7512685656547546
11444514,false_positive,11.381600541931677,0.26436183,0.9517098665237427,0.0,0.9517098665237427
10854546,false_positive,30.38578115609848,0.14843519,0.8262402415275574,0.0,0.8262402415275574
10722485,false_positive,6.523210017767763,0.2262059,0.868431568145752,0.0,0.868431568145752
10990886,false_positive,33.2272862182182,0.025088517,0.6694594025611877,0.0,0.6694594025611877
10916600,false_positive,20.160202017317346,0.12793462,0.7434226274490356,0.0,0.7434226274490356
10777591,false_positive,23.011286081081064,0.29721457,0.9329894781112671,0.0,0.9329894781112671
11032227,false_positive,7.193257958808809,0.2815843,1.0,0.0,1.0
11356260,false_positive,25.221624918918913,0.12726204,0.8786506056785583,0.0,0.8786506056785583
10132832,false_positive,42.50326906691695,0.40277284,1.0,0.0,1.0
10709622,false_positive,6.837995527027027,0.25423858,0.8631808757781982,0.0,0.8631808757781982
10094670,false_positive,14.618052701701693,0.14462858,0.8576915264129639,0.0,0.8576915264129639
10670119,false_positive,48.194616818618606,0.12367597,0.7829234600067139,0.0,0.7829234600067139
11497977,false_positive,4.80139676936937,0.17414378,0.8173295855522156,0.0,0.8173295855522156
10055126,false_positive,9.76550967315799,0.115339465,0.690833568572998,0.0,0.690833568572998
11244137,false_positive,33.43369195555558,0.2574316,1.0,0.0,1.0
10454313,false_positive,4.206923120720723,0.18116327,0.7338067293167114,0.0,0.7338067293167114
10880507,false_positive,5.6689875922538935,0.06184072,0.6470077633857727,0.0,0.6470077633857727
10788461,false_positive,17.961138688288276,0.069456525,0.6718056201934814,0.0,0.6718056201934814
11360571,false_positive,7.095250692492492,0.11296026,0.7677821516990662,0.0,0.7677821516990662
10904857,false_positive,4.2697337970470475,0.085516684,0.7719196081161499,0.0,0.7719196081161499
11455428,false_positive,11.256682098027118,0.07189938,0.6413634419441223,0.0,0.6413634419441223
10864531,false_positive,21.413012718918964,0.09385722,0.7340772151947021,0.0,0.7340772151947021
11450414,false_positive,12.819275829363427,0.029147537,0.5360555648803711,0.0,0.5360555648803711
11401767,false_positive,6.851486929467501,0.5773845,1.0,0.0,1.0
10212441,false_positive,13.145657828977669,0.12317097,0.6922018527984619,0.0,0.6922018527984619
11177707,false_positive,38.63835694999995,0.17822833,0.8031328320503235,0.0,0.8031328320503235
10350571,false_positive,14.393483878939696,0.14453763,0.7248473763465881,0.0,0.7248473763465881
10585852,false_positive,1.4541006090191468,0.33873466,0.9715633392333984,0.0,0.9715633392333984
10337517,false_positive,34.992281547881056,0.1747488,0.7696017622947693,0.0,0.7696017622947693
10881457,false_positive,15.367641788384873,0.18623826,0.8315800428390503,0.0,0.8315800428390503
10656823,false_positive,12.50632233538538,0.16098242,0.678071916103363,0.0,0.678071916103363
10190777,false_positive,22.64158682562562,0.05161697,0.7301546931266785,0.0,0.7301546931266785
10744335,false_positive,32.479405651801834,0.13935931,0.776242196559906,0.0,0.776242196559906
11337833,false_positive,35.02388531434684,0.09882952,0.8449662923812866,0.0,0.8449662923812866
10990917,false_positive,33.4801440107949,0.20907278,0.8175875544548035,0.0,0.8175875544548035
10964440,false_positive,36.14911897657658,0.14182395,0.8642538785934448,0.0,0.8642538785934448
11572193,false_positive,5.401642708708707,0.15324545,0.7732239961624146,0.0,0.7732239961624146
10019643,false_positive,38.35838932772774,0.111746006,0.8957644701004028,0.0,0.8957644701004028
10004738,false_positive,31.864286076476525,0.061221827,0.7460346817970276,0.0,0.7460346817970276
10068659,false_positive,43.69775982372377,0.1746019,0.9466755390167236,0.0,0.9466755390167236
11194032,false_positive,33.45151176893706,0.113385364,0.663362979888916,0.0,0.663362979888916
11569782,false_positive,15.71322664950471,0.0149833355,0.6269205212593079,0.0,0.6269205212593079
11254382,false_positive,40.49230786033623,0.10535522,0.7297488451004028,0.0,0.7297488451004028
10328393,false_positive,24.37667429939937,0.17156112,0.721498429775238,0.0,0.721498429775238
11080405,false_positive,12.78913563138138,0.29533747,0.9997832775115967,0.0,0.9997832775115967
11244682,false_positive,4.201171896350555,0.034492776,0.5405892133712769,0.0,0.5405892133712769
11037818,false_positive,13.478122028999564,0.28729653,0.9233053922653198,0.0,0.9233053922653198
10585738,false_positive,8.59441864544545,0.14023669,0.8013026714324951,0.0,0.8013026714324951
11614617,false_positive,24.793815191831065,0.26198396,0.8090510368347168,0.0,0.8090510368347168
11075429,false_positive,3.016330544394396,0.15684307,0.7444023489952087,0.0,0.7444023489952087
11284772,false_positive,21.128992461701145,0.079108916,0.7618134021759033,0.0,0.7618134021759033
11410904,false_positive,11.403989530194584,0.10686867,0.7566214203834534,0.0,0.7566214203834534
11177676,false_positive,11.308150567185484,0.120926,0.848128616809845,0.0,0.848128616809845
11043167,false_positive,15.877348760826862,0.10029267,0.6655278205871582,0.0,0.6655278205871582
10730703,false_positive,16.159703998783968,0.21752554,0.8036133646965027,0.0,0.8036133646965027
10024051,false_positive,16.704631394336808,0.14702038,0.871618926525116,0.0,0.871618926525116
11090765,false_positive,16.370661279229232,0.15422487,0.7293781042098999,0.0,0.7293781042098999
11193263,false_positive,11.644830625625634,0.056260254,0.7279520034790039,0.0,0.7279520034790039
11600889,false_positive,30.727843559089095,0.08498131,0.6925323009490967,0.0,0.6925323009490967
11288051,false_positive,13.830448528778794,0.18570288,0.8261106610298157,0.0,0.8261106610298157
11518142,false_positive,39.41245833110525,0.11738247,0.8164206743240356,0.0,0.8164206743240356
11460018,false_positive,21.408675797797823,0.3034831,0.9467557668685913,0.0,0.9467557668685913
10265898,false_positive,2.519805331831833,0.12502617,0.8043960928916931,0.0,0.8043960928916931
10600955,false_positive,12.689207574269155,0.15804288,0.7745687961578369,0.0,0.7745687961578369
10468885,false_positive,40.58466523838838,0.1284545,0.7500730156898499,0.0,0.7500730156898499
10026502,false_positive,1.408811363613614,0.04439887,0.7041223049163818,0.0,0.7041223049163818
11508644,false_positive,1.2879868496496496,0.29085135,0.9270544648170471,0.0,0.9270544648170471
11621223,false_positive,38.46243875400405,0.18863706,0.6621907949447632,0.0,0.6621907949447632
10905911,false_positive,23.000192781982,0.14462514,0.8237628936767578,0.0,0.8237628936767578
11073351,false_positive,9.03082486146146,0.1361545,0.7353556156158447,0.0,0.7353556156158447
11176166,false_positive,9.899355527543738,0.22307582,0.7559501528739929,0.0,0.7559501528739929
10057494,false_positive,3.6636339623623595,0.120601535,0.7454971075057983,0.0,0.7454971075057983
11656721,false_positive,13.650123191591566,0.23790373,0.8574691414833069,0.0,0.8574691414833069
10019065,false_positive,14.3540854272773,0.080570176,0.6645581126213074,0.0,0.6645581126213074
10583761,false_positive,26.892162085285282,0.16968752,0.8174214363098145,0.0,0.8174214363098145
10464050,false_positive,13.122239815665637,0.08403711,0.6966757774353027,0.0,0.6966757774353027
tess2019253231442,false_positive,1.5207971432185523,0.035802186,0.7989205718040466,0.0,0.7989205718040466
