target_id,true_label_str,period,mean_confidence,max_disagreement,prob_1d,prob_2d
tess2024003055635,confirmed_planet,,0.63051164,1.2525857090950012,1.0,0.0042188167572021484
tess2024003055635,confirmed_planet,,0.586292,1.2122171968221664,1.0,0.0
tess2024196212429,confirmed_planet,,0.5985566,1.068263664841652,1.0,0.06442475318908691
tess2024223182411,confirmed_planet,,0.6162493,1.3709293901920319,1.0,0.0
tess2024196212429,confirmed_planet,,0.58745813,1.2170350551605225,1.0,0.0
tess2024249191853,confirmed_planet,,0.5801534,1.2456703186035156,1.0,0.0
tess2024003055635,confirmed_planet,,0.6202944,1.1973951607942581,1.0,0.021596789360046387
tess2024003055635,confirmed_planet,,0.4588388,1.2470860183238983,1.0,0.0
tess2024003055635,confirmed_planet,,0.56928676,1.1266153305768967,1.0,0.00597912073135376
tess2024003055635,confirmed_planet,,0.56336516,1.2186834663152695,1.0,0.0
tess2024223182411,confirmed_planet,,0.5779035,1.3354102075099945,1.0,0.0
tess2024030031500,confirmed_planet,,0.59615827,1.194700837135315,1.0,0.0
tess2019198215352,confirmed_planet,,0.5776923,0.9444372206926346,1.0,0.10547366738319397
tess2022190063128,confirmed_planet,,0.5850376,1.3829819858074188,1.0,0.0
tess2021204101404,confirmed_planet,,0.60310733,1.1537867933511734,1.0,0.02621394395828247
tess2022164095748,confirmed_planet,,0.62098485,1.0454848073422909,1.0,0.09824246168136597
tess2024196212429,confirmed_planet,,0.609547,1.336006760597229,1.0,0.0
tess2021204101404,confirmed_planet,,0.5626581,1.3020540475845337,1.0,0.0
tess2024223182411,confirmed_planet,,0.59822565,1.4097779393196106,1.0,0.0
tess2024196212429,confirmed_planet,,0.5736911,1.102629765868187,1.0,0.02237623929977417
tess2024196212429,confirmed_planet,,0.6099677,1.1185354590415955,1.0,0.05069994926452637
tess2024196212429,confirmed_planet,,0.56996375,0.9024375230073929,1.0,0.11874499917030334
tess2024196212429,confirmed_planet,,0.29314283,1.377170979976654,0.9817283153533936,0.0
tess2024223182411,confirmed_planet,,0.62067264,1.4120464324951172,1.0,0.0
tess2022190063128,confirmed_planet,,0.5788819,1.3489089906215668,1.0,0.0
tess2024003055635,confirmed_planet,,0.58830214,1.0595496147871017,1.0,0.058527350425720215
tess2022190063128,confirmed_planet,,0.5877147,1.2268564850091934,1.0,0.0
tess2024003055635,confirmed_planet,,0.6075929,1.3087273240089417,1.0,0.0
tess2024196212429,confirmed_planet,,0.6137405,1.3583966195583344,1.0,0.0
tess2024196212429,confirmed_planet,,0.59930015,1.2357750535011292,1.0,0.0
tess2021204101404,confirmed_planet,,0.62124765,1.252102255821228,1.0,0.0
tess2021204101404,confirmed_planet,,0.37663049,1.4064492583274841,1.0,0.0
tess2024196212429,confirmed_planet,,0.60717237,1.0259169656783342,1.0,0.09421390295028687
tess2024196212429,confirmed_planet,,0.5957179,1.1487278640270233,1.0,0.021353960037231445
tess2024030031500,confirmed_planet,,0.55735624,1.4458725154399872,1.0,0.0
tess2024223182411,confirmed_planet,,0.57732034,1.1345275193452835,1.0,0.010056555271148682
tess2022217014003,confirmed_planet,,0.6059396,1.023351138457656,1.0,0.09426403045654297
tess2024223182411,confirmed_planet,,0.6182902,1.266843020915985,1.0,0.0
tess2024003055635,confirmed_planet,,0.5869323,1.3565770983695984,1.0,0.0
tess2024170053053,confirmed_planet,,0.56742054,1.0715042725205421,1.0,0.03166842460632324
tess2024003055635,confirmed_planet,,0.60024196,1.1889787316322327,1.0,0.005752623081207275
tess2024223182411,confirmed_planet,,0.58856493,1.218017116189003,1.0,0.0
tess2022217014003,confirmed_planet,,0.57540035,1.1837102621793747,1.0,0.0
tess2022190063128,confirmed_planet,,0.5609897,1.3538332879543304,1.0,0.0
tess2024003055635,confirmed_planet,,0.5977078,1.315026193857193,1.0,0.0
tess2022164095748,confirmed_planet,,0.2645533,1.1144873723387718,0.8217970132827759,0.0
tess2022190063128,confirmed_planet,,0.5632846,1.0233715288341045,1.0,0.05159878730773926
tess2022190063128,confirmed_planet,,0.5695248,1.324731469154358,1.0,0.0
tess2024196212429,confirmed_planet,,0.5836936,1.2852554321289062,1.0,0.0
tess2022217014003,confirmed_planet,,0.58485264,1.1534377038478851,1.0,0.008133769035339355
tess2022164095748,confirmed_planet,,0.59778285,1.283348798751831,1.0,0.0
tess2024223182411,confirmed_planet,,0.4570591,1.122483804821968,1.0,0.0
tess2024170053053,confirmed_planet,,0.56997603,1.2550606727600098,1.0,0.0
tess2024223182411,confirmed_planet,,0.58071434,1.2099519073963165,1.0,0.0
tess2024003055635,confirmed_planet,,0.5539094,1.263020396232605,1.0,0.0
tess2024223182411,confirmed_planet,,0.5974647,1.0378256775438786,1.0,0.07855182886123657
tess2024003055635,confirmed_planet,,0.5903082,1.3029349446296692,1.0,0.0
tess2024030031500,confirmed_planet,,0.55922455,1.0990028753876686,1.0,0.009723126888275146
tess2022217014003,confirmed_planet,,0.50577,1.441220611333847,1.0,0.0
tess2024223182411,confirmed_planet,,0.58469903,1.1410434246063232,1.0,0.014177322387695312
tess2022190063128,confirmed_planet,,0.6008354,1.377763569355011,1.0,0.0
tess2024170053053,confirmed_planet,,0.6451614,1.1820797771215439,1.0,0.05412149429321289
tess2024030031500,confirmed_planet,,0.58981717,1.4807821810245514,1.0,0.0
tess2024223182411,confirmed_planet,,0.591829,1.4044915437698364,1.0,0.0
tess2024170053053,confirmed_planet,,0.5487005,1.5358087420463562,1.0,0.0
tess2021175071901,confirmed_planet,,0.41891548,1.3627488613128662,1.0,0.0
tess2024223182411,confirmed_planet,,0.57722473,1.156205266714096,1.0,0.0
tess2022190063128,confirmed_planet,,0.5957914,1.272462159395218,1.0,0.0
tess2022164095748,confirmed_planet,,0.608878,1.226901575922966,1.0,0.0
tess2022190063128,confirmed_planet,,0.5753465,1.259287804365158,1.0,0.0
tess2024223182411,confirmed_planet,,0.56521124,1.3485932052135468,1.0,0.0
tess2024003055635,confirmed_planet,,0.55869585,1.2771177887916565,1.0,0.0
tess2024223182411,confirmed_planet,,0.58426917,1.0428876653313637,1.0,0.06282532215118408
tess2024003055635,confirmed_planet,,0.56119764,1.227103665471077,1.0,0.0
tess2021175071901,confirmed_planet,,0.34457514,1.304096668958664,0.9966235160827637,0.0
tess2024223182411,confirmed_planet,,0.5834222,1.2571239173412323,1.0,0.0
tess2024030031500,confirmed_planet,,0.59789854,1.3073408901691437,1.0,0.0
tess2024003055635,confirmed_planet,,0.47361422,1.5576072335243225,1.0,0.0
tess2024058030222,confirmed_planet,,0.58187574,1.1956463009119034,1.0,0.0
tess2024196212429,confirmed_planet,,0.5941508,1.3312078714370728,1.0,0.0
tess2024030031500,confirmed_planet,,0.5755192,1.133414089679718,1.0,0.008812189102172852
tess2024196212429,confirmed_planet,,0.5981624,1.1650083363056183,1.0,0.015658259391784668
tess2024249191853,confirmed_planet,,0.58047116,1.3453646302223206,1.0,0.0
tess2021204101404,confirmed_planet,,0.5870316,1.186114713549614,1.0,0.0
tess2024196212429,confirmed_planet,,0.5828317,1.3187422156333923,1.0,0.0
tess2024249191853,confirmed_planet,,0.4510483,1.1713614165782928,1.0,0.0
tess2021204101404,confirmed_planet,,0.5985677,1.1932635009288788,1.0,0.0019359588623046875
tess2024170053053,confirmed_planet,,0.5957855,1.2655069828033447,1.0,0.0
tess2024196212429,confirmed_planet,,0.59876984,1.2744826972484589,1.0,0.0
tess2021204101404,confirmed_planet,,0.5762168,1.2781365513801575,1.0,0.0
tess2024223182411,confirmed_planet,,0.6097003,1.2648614645004272,1.0,0.0
tess2021204101404,confirmed_planet,,0.590469,1.1374584883451462,1.0,0.02173978090286255
tess2024030031500,confirmed_planet,,0.53878367,1.2319868355989456,1.0,0.0
tess2024170053053,confirmed_planet,,0.5116457,1.3169590830802917,1.0,0.0
tess2024196212429,confirmed_planet,,0.60922533,1.20455002784729,1.0,0.006950318813323975
tess2022164095748,confirmed_planet,,0.58681095,1.162488803267479,1.0,0.005566537380218506
tess2024196212429,confirmed_planet,,0.5530993,1.4295687079429626,1.0,0.0
tess2024223182411,confirmed_planet,,0.59024584,1.162573054432869,1.0,0.008959293365478516
tess2022164095748,confirmed_planet,,0.652955,0.9806004371494055,1.0,0.1626547873020172
tess2024030031500,confirmed_planet,,0.6012429,1.1753365099430084,1.0,0.013574659824371338
tess2024223182411,confirmed_planet,,0.57931674,1.4199701845645905,1.0,0.0
tess2024196212429,confirmed_planet,,0.5879935,1.0874398574233055,1.0,0.044273555278778076
tess2023341045131,confirmed_planet,,0.48895997,1.3066155314445496,1.0,0.0
tess2024003055635,confirmed_planet,,0.5871906,1.1909543871879578,1.0,0.0
tess2024196212429,confirmed_planet,,0.564229,1.3906401097774506,1.0,0.0
tess2024223182411,confirmed_planet,,0.5905031,1.2931190431118011,1.0,0.0
tess2024196212429,confirmed_planet,,0.58884656,1.2113309651613235,1.0,0.0
tess2024223182411,confirmed_planet,,0.58807635,1.1097927168011665,1.0,0.03317999839782715
tess2024030031500,confirmed_planet,,0.5731655,1.1412980556488037,1.0,0.002516448497772217
tess2022190063128,confirmed_planet,,0.59126484,1.1542959362268448,1.0,0.014116883277893066
tess2024003055635,confirmed_planet,,0.5857905,1.3675894737243652,1.0,0.0
tess2024196212429,confirmed_planet,,0.59311986,1.096932403743267,1.0,0.04465365409851074
tess2024170053053,confirmed_planet,,0.5922328,1.2436541020870209,1.0,0.0
tess2024196212429,confirmed_planet,,0.58707553,1.3432399034500122,1.0,0.0
tess2024223182411,confirmed_planet,,0.61241037,1.1154326796531677,1.0,0.05469399690628052
tess2022164095748,confirmed_planet,,0.5722458,1.3035174310207367,1.0,0.0
tess2022190063128,confirmed_planet,,0.56226736,1.1499353647232056,1.0,0.0
tess2024170053053,confirmed_planet,,0.5529827,1.2353304326534271,1.0,0.0
tess2024003055635,confirmed_planet,,0.57915425,1.2013471871614456,1.0,0.0
tess2024170053053,confirmed_planet,,0.59029937,1.4356379508972168,1.0,0.0
tess2024223182411,confirmed_planet,,0.5901862,1.1038740202784538,1.0,0.038249194622039795
tess2024223182411,confirmed_planet,,0.59483695,1.2771047055721283,1.0,0.0
tess2024030031500,confirmed_planet,,0.5423132,1.3239275515079498,1.0,0.0
tess2021175071901,confirmed_planet,,0.5795508,1.2377393990755081,1.0,0.0
tess2024170053053,confirmed_planet,,0.5676093,1.2116093635559082,1.0,0.0
tess2024223182411,confirmed_planet,,0.5901902,1.081602282822132,1.0,0.049389004707336426
tess2021204101404,confirmed_planet,,0.58692896,1.2736695110797882,1.0,0.0
tess2021204101404,confirmed_planet,,0.58698213,1.1756150275468826,1.0,0.0
tess2024030031500,confirmed_planet,,0.57594514,1.2471125572919846,1.0,0.0
tess2024030031500,confirmed_planet,,0.62919974,1.2050607353448868,1.0,0.02666938304901123
tess2024030031500,confirmed_planet,,0.57675,1.306163638830185,1.0,0.0
tess2024196212429,confirmed_planet,,0.6260992,1.126618355512619,1.0,0.06279003620147705
tess2024196212429,confirmed_planet,,0.5851324,1.275997668504715,1.0,0.0
tess2024223182411,confirmed_planet,,0.5785647,1.143727958202362,1.0,0.006700694561004639
tess2024196212429,confirmed_planet,,0.6070619,1.2243729084730148,1.0,0.0
tess2024196212429,confirmed_planet,,0.588646,1.1862873435020447,1.0,0.0
tess2024223182411,confirmed_planet,,0.635078,1.3661670088768005,1.0,0.0
tess2024003055635,confirmed_planet,,0.58987683,1.4248823821544647,1.0,0.0
tess2024003055635,confirmed_planet,,0.5937396,1.1803463101387024,1.0,0.0035665035247802734
tess2024223182411,confirmed_planet,,0.5972746,1.3968952894210815,1.0,0.0
tess2024170053053,confirmed_planet,,0.58303636,1.195795401930809,1.0,0.0
tess2024003055635,confirmed_planet,,0.58518755,1.1434964835643768,1.0,0.013439297676086426
tess2024170053053,confirmed_planet,,0.54755247,1.1833466440439224,1.0,0.0
tess2024223182411,confirmed_planet,,0.6059179,1.1254595816135406,1.0,0.04318809509277344
tess2024030031500,confirmed_planet,,0.5851195,1.1376525610685349,1.0,0.016293227672576904
tess2024003055635,confirmed_planet,,0.55541795,1.0953096896409988,1.0,0.007763087749481201
tess2022164095748,confirmed_planet,,0.58752894,1.1844391077756882,1.0,0.0
tess2021175071901,confirmed_planet,,0.5859262,1.4468959867954254,1.0,0.0
tess2022190063128,confirmed_planet,,0.5945902,1.2203651666641235,1.0,0.0
tess2021175071901,confirmed_planet,,0.57063735,1.538225531578064,1.0,0.0
tess2022217014003,confirmed_planet,,0.5884407,1.1890319287776947,1.0,0.0
tess2022164095748,confirmed_planet,,0.5825027,1.0119562894105911,1.0,0.07652455568313599
tess2021175071901,confirmed_planet,,0.5742858,1.307402491569519,1.0,0.0
tess2024223182411,confirmed_planet,,0.59418845,1.2316566556692123,1.0,0.0
tess2024030031500,confirmed_planet,,0.552866,1.093592643737793,1.0,0.006069660186767578
tess2024196212429,confirmed_planet,,0.5836332,1.1962207108736038,1.0,0.0
tess2024196212429,confirmed_planet,,0.5626667,1.302550494670868,1.0,0.0
tess2024170053053,confirmed_planet,,0.52406067,1.4269123077392578,1.0,0.0
tess2024170053053,confirmed_planet,,0.57885736,1.1157706826925278,1.0,0.020972013473510742
tess2024196212429,confirmed_planet,,0.5543837,1.5122071504592896,1.0,0.0
tess2024058030222,confirmed_planet,,0.5418967,1.3332405984401703,1.0,0.0
tess2022164095748,confirmed_planet,,0.5332054,1.3977809846401215,1.0,0.0
tess2024170053053,confirmed_planet,,0.5756736,1.3649337589740753,1.0,0.0
tess2024030031500,confirmed_planet,,0.5784871,1.057344976812601,1.0,0.049814581871032715
tess2024196212429,confirmed_planet,,0.62079924,1.3144481778144836,1.0,0.0
tess2024030031500,confirmed_planet,,0.592337,1.24215966463089,1.0,0.0
tess2024196212429,confirmed_planet,,0.62546116,1.240282103419304,1.0,0.005320131778717041
tess2024196212429,confirmed_planet,,0.5750499,1.2901597023010254,1.0,0.0
tess2024030031500,confirmed_planet,,0.61545336,1.196929156780243,1.0,0.016988754272460938
tess2024003055635,confirmed_planet,,0.573309,1.4000541269779205,1.0,0.0
tess2024223182411,confirmed_planet,,0.58885175,1.2642183005809784,1.0,0.0
tess2022164095748,confirmed_planet,,0.59848386,1.3328401148319244,1.0,0.0
tess2021175071901,confirmed_planet,,0.5323941,1.4342931807041168,1.0,0.0
tess2024030031500,confirmed_planet,,0.58407503,1.3921666741371155,1.0,0.0
tess2024196212429,confirmed_planet,,0.57383406,1.3261279165744781,1.0,0.0
tess2024223182411,confirmed_planet,,0.58787525,1.434418797492981,1.0,0.0
tess2024196212429,confirmed_planet,,0.5985475,1.0485473163425922,1.0,0.07427388429641724
tess2022164095748,confirmed_planet,,0.62085944,1.3412246406078339,1.0,0.0
tess2024030031500,confirmed_planet,,0.6117629,1.2850134670734406,1.0,0.0
tess2024030031500,confirmed_planet,,0.5954153,1.1669838428497314,1.0,0.011923372745513916
tess2024223182411,confirmed_planet,,0.5800131,1.259450912475586,1.0,0.0
tess2024003055635,confirmed_planet,,0.60924906,1.3396722674369812,1.0,0.0
tess2024196212429,confirmed_planet,,0.6184806,1.3123257756233215,1.0,0.0
tess2024030031500,confirmed_planet,,0.55624205,1.2180792540311813,1.0,0.0
tess2024030031500,confirmed_planet,,0.5756799,1.3375033140182495,1.0,0.0
tess2024003055635,confirmed_planet,,0.55272615,1.2298259884119034,1.0,0.0
tess2024030031500,confirmed_planet,,0.570952,1.2804237604141235,1.0,0.0
tess2024003055635,confirmed_planet,,0.57381284,1.1433966010808945,1.0,0.002114534378051758
tess2024170053053,confirmed_planet,,0.540636,1.228931576013565,1.0,0.0
tess2024030031500,confirmed_planet,,0.58240587,1.1698252707719803,1.0,0.0
tess2024223182411,confirmed_planet,,0.5980639,1.1553253382444382,1.0,0.0204012393951416
tess2024170053053,confirmed_planet,,0.5544635,1.2438780665397644,1.0,0.0
tess2024196212429,confirmed_planet,,0.5964473,1.2500599026679993,1.0,0.0
tess2024058030222,confirmed_planet,,0.58523476,1.1286171972751617,1.0,0.020926177501678467
tess2024196212429,confirmed_planet,,0.63782644,1.1939783096313477,1.0,0.04083728790283203
tess2022190063128,confirmed_planet,,0.5694184,1.37258380651474,1.0,0.0
tess2024003055635,confirmed_planet,,0.5963538,1.0918989926576614,1.0,0.05040431022644043
tess2024003055635,confirmed_planet,,0.4866999,1.2107962667942047,1.0,0.0
tess2024196212429,confirmed_planet,,0.60603166,1.3870497643947601,1.0,0.0
tess2024003055635,confirmed_planet,,0.47663444,1.165603682398796,1.0,0.0
tess2024196212429,confirmed_planet,,0.6182221,1.3287215530872345,1.0,0.0
tess2024196212429,confirmed_planet,,0.6179553,1.1411131769418716,1.0,0.04739874601364136
tess2024003055635,confirmed_planet,,0.5900291,1.404272973537445,1.0,0.0
tess2022190063128,confirmed_planet,,0.32198358,1.3766947388648987,1.0,0.0
tess2024030031500,confirmed_planet,,0.59719867,1.4201722145080566,1.0,0.0
tess2024030031500,confirmed_planet,,0.564669,1.6346703171730042,1.0,0.0
tess2021175071901,confirmed_planet,,0.6053742,1.207609310746193,1.0,0.0015695691108703613
tess2024196212429,confirmed_planet,,0.60376126,1.3575257658958435,1.0,0.0
tess2019226182529,confirmed_planet,,0.55649465,1.2902701497077942,1.0,0.0
tess2024196212429,confirmed_planet,,0.5641286,0.9554660394787788,1.0,0.08639556169509888
tess2024003055635,confirmed_planet,,0.57822126,1.0230592247098684,1.0,0.06669163703918457
tess2024170053053,confirmed_planet,,0.59053546,1.277829647064209,1.0,0.0
tess2024030031500,confirmed_planet,,0.53089833,1.0341629311442375,1.0,0.013816893100738525
tess2024223182411,confirmed_planet,,0.5051602,1.4276014566421509,1.0,0.0
tess2024003055635,confirmed_planet,,0.609326,1.3915044069290161,1.0,0.0
tess2024003055635,confirmed_planet,,0.5843811,1.4493215084075928,1.0,0.0
tess2024196212429,confirmed_planet,,0.5918857,1.2174981385469437,1.0,0.0
tess2024196212429,confirmed_planet,,0.64793456,1.3269523978233337,1.0,0.0
tess2024003055635,confirmed_planet,,0.5591713,1.1765918284654617,1.0,0.0
tess2024196212429,confirmed_planet,,0.59856504,1.1882399916648865,1.0,0.004445016384124756
tess2024196212429,confirmed_planet,,0.60135573,1.3450599014759064,1.0,0.0
tess2022217014003,confirmed_planet,,0.59307104,1.208965465426445,1.0,0.0
tess2021175071901,confirmed_planet,,0.58158565,1.1431719809770584,1.0,0.009999632835388184
tess2024058030222,confirmed_planet,,0.56288874,1.1972025483846664,1.0,0.0
tess2022190063128,confirmed_planet,,0.5706068,1.0713620781898499,1.0,0.03492581844329834
tess2024223182411,confirmed_planet,,0.5929303,1.3770526051521301,1.0,0.0
tess2024003055635,confirmed_planet,,0.5583677,1.0626600831747055,1.0,0.02703768014907837
tess2024170053053,confirmed_planet,,0.5685013,1.2832488715648651,1.0,0.0
tess2024223182411,confirmed_planet,,0.6176431,1.2461049556732178,1.0,0.0
tess2024170053053,confirmed_planet,,0.6028847,1.3087672591209412,1.0,0.0
tess2024170053053,confirmed_planet,,0.56978166,0.9932462866418064,1.0,0.07315853238105774
tess2024223182411,confirmed_planet,,0.5782155,1.2129199802875519,1.0,0.0
tess2024170053053,confirmed_planet,,0.5674068,1.1601163744926453,1.0,0.0
tess2024003055635,confirmed_planet,,0.43249607,1.1051671579480171,0.9850796461105347,0.0
tess2024170053053,confirmed_planet,,0.596583,1.1362417042255402,1.0,0.02846217155456543
tess2024170053053,confirmed_planet,,0.5860181,1.3085055351257324,1.0,0.0
tess2021175071901,confirmed_planet,,0.58003235,1.3278801441192627,1.0,0.0
tess2024170053053,confirmed_planet,,0.5817642,1.2250681817531586,1.0,0.0
tess2024196212429,confirmed_planet,,0.60375386,1.5122540593147278,1.0,0.0
tess2024249191853,confirmed_planet,,0.5977961,1.2381644248962402,1.0,0.0
tess2024170053053,confirmed_planet,,0.58462554,1.1864444315433502,1.0,0.0
tess2024223182411,confirmed_planet,,0.6063155,1.01337231695652,1.0,0.09962934255599976
tess2024249191853,confirmed_planet,,0.4277933,1.2770746052265167,1.0,0.0
tess2024249191853,confirmed_planet,,0.41926134,1.0683968588709831,0.9534597396850586,0.0
tess2024170053053,confirmed_planet,,0.59547704,1.4024310111999512,1.0,0.0
tess2022190063128,confirmed_planet,,0.5797408,1.328646957874298,1.0,0.0
tess2024003055635,confirmed_planet,,0.6191635,1.22624072432518,1.0,0.006043136119842529
tess2024196212429,confirmed_planet,,0.5074786,1.2889889776706696,1.0,0.0
tess2024223182411,confirmed_planet,,0.57561886,1.2984900176525116,1.0,0.0
tess2022190063128,confirmed_planet,,0.46780547,1.2630645632743835,1.0,0.0
tess2024003055635,confirmed_planet,,0.56836677,1.3800834119319916,1.0,0.0
tess2020160202036,confirmed_planet,,0.6069331,1.5119079947471619,1.0,0.0
tess2024249191853,confirmed_planet,,0.59696513,1.1805812418460846,1.0,0.006674528121948242
tess2024003055635,confirmed_planet,,0.57870644,0.9417586140334606,1.0,0.10782712697982788
tess2024223182411,confirmed_planet,,0.60484666,1.2776985168457031,1.0,0.0
tess2024058030222,confirmed_planet,,0.5436837,1.4132716953754425,1.0,0.0
tess2024170053053,confirmed_planet,,0.5782992,1.0521421357989311,1.0,0.05222815275192261
tess2024196212429,confirmed_planet,,0.64467597,1.0796877443790436,1.0,0.10483211278915405
tess2024170053053,confirmed_planet,,0.5737776,1.2109214216470718,1.0,0.0
tess2024003055635,confirmed_planet,,0.57160366,1.1377759873867035,1.0,0.0027156472206115723
tess2024030031500,confirmed_planet,,0.571345,1.246599331498146,1.0,0.0
tess2024003055635,confirmed_planet,,0.5622917,1.2507578432559967,1.0,0.0
tess2024030031500,confirmed_planet,,0.5842771,1.3639474213123322,1.0,0.0
tess2024223182411,confirmed_planet,,0.6175627,1.254182517528534,1.0,0.0
tess2024196212429,confirmed_planet,,0.615282,1.1846694499254227,1.0,0.022947251796722412
tess2024196212429,confirmed_planet,,0.6228678,1.1488048136234283,1.0,0.04846543073654175
tess2024170053053,confirmed_planet,,0.48584875,1.1288929134607315,1.0,0.0
tess2024223182411,confirmed_planet,,0.583317,1.4172039031982422,1.0,0.0
tess2024030031500,confirmed_planet,,0.5707657,1.2897103130817413,1.0,0.0
tess2024003055635,confirmed_planet,,0.54047066,1.300336867570877,1.0,0.0
tess2024196212429,confirmed_planet,,0.5636039,1.1108530908823013,1.0,0.008177340030670166
tess2024030031500,confirmed_planet,,0.5939401,1.377178966999054,1.0,0.0
tess2021204101404,confirmed_planet,,0.5800221,1.2816251814365387,1.0,0.0
tess2022217014003,confirmed_planet,,0.5294154,1.2905343174934387,1.0,0.0
tess2022217014003,confirmed_planet,,0.5140466,1.2976581156253815,1.0,0.0
tess2024003055635,confirmed_planet,,0.5862858,1.4919688701629639,1.0,0.0
tess2024170053053,confirmed_planet,,0.57585204,1.4659970104694366,1.0,0.0
tess2022190063128,confirmed_planet,,0.60012954,1.3806224465370178,1.0,0.0
tess2024030031500,confirmed_planet,,0.595781,1.4603422582149506,1.0,0.0
tess2024003055635,confirmed_planet,,0.5867027,1.2004542648792267,1.0,0.0
tess2024223182411,confirmed_planet,,0.61660916,1.446739286184311,1.0,0.0
tess2024030031500,confirmed_planet,,0.5735411,1.1710887402296066,1.0,0.0
tess2024003055635,confirmed_planet,,0.5749052,1.3687163293361664,1.0,0.0
tess2022244194134,confirmed_planet,,0.57730246,1.1525548547506332,1.0,0.0010250210762023926
tess2024196212429,confirmed_planet,,0.5942075,1.2339647263288498,1.0,0.0
tess2022190063128,confirmed_planet,,0.51840496,1.0664728805422783,1.0,0.0
tess2024003055635,confirmed_planet,,0.5645224,1.4458065629005432,1.0,0.0
tess2024223182411,confirmed_planet,,0.56037694,1.2879861891269684,1.0,0.0
tess2021204101404,confirmed_planet,,0.5863188,1.1352731138467789,1.0,0.018682241439819336
tess2022190063128,confirmed_planet,,0.61449564,1.3134922087192535,1.0,0.0
tess2024196212429,confirmed_planet,,0.62017584,1.1607501357793808,1.0,0.03980076313018799
tess2024030031500,confirmed_planet,,0.59516084,1.3688309490680695,1.0,0.0
tess2022217014003,confirmed_planet,,0.5746238,1.0716168135404587,1.0,0.038815438747406006
tess2022190063128,confirmed_planet,,0.55659175,1.1814092695713043,1.0,0.0
tess2024196212429,confirmed_planet,,0.62044907,1.324235737323761,1.0,0.0
tess2024223182411,confirmed_planet,,0.59264547,1.509414553642273,1.0,0.0
tess2024223182411,confirmed_planet,,0.615516,1.2638112008571625,1.0,0.0
tess2024223182411,confirmed_planet,,0.57340604,1.1224441677331924,1.0,0.012183964252471924
tess2024196212429,confirmed_planet,,0.612039,0.9333746060729027,1.0,0.14535173773765564
tess2024223182411,confirmed_planet,,0.5833562,1.0266051478683949,1.0,0.07005363702774048
tess2022164095748,confirmed_planet,,0.5715553,1.1478601843118668,1.0,0.0
tess2021175071901,confirmed_planet,,0.6204316,1.249439850449562,1.0,0.0
tess2024003055635,confirmed_planet,,0.5587051,1.2883541584014893,1.0,0.0
tess2024030031500,confirmed_planet,,0.5443324,1.200904056429863,1.0,0.0
tess2024223182411,confirmed_planet,,0.57224894,1.0885793045163155,1.0,0.02795928716659546
tess2021175071901,confirmed_planet,,0.59636134,0.9362539201974869,1.0,0.1282343864440918
tess2024030031500,confirmed_planet,,0.58182937,1.366830974817276,1.0,0.0
tess2024196212429,confirmed_planet,,0.6135814,1.136931523680687,1.0,0.045115649700164795
tess2021175071901,confirmed_planet,,0.61578333,1.0791425108909607,1.0,0.07621204853057861
tess2024223182411,confirmed_planet,,0.57699543,0.974274268373847,1.0,0.0898582935333252
tess2024030031500,confirmed_planet,,0.578445,1.093014694750309,1.0,0.03193765878677368
tess2024030031500,confirmed_planet,,0.5734938,1.4064519107341766,1.0,0.0
tess2024170053053,confirmed_planet,,0.5208683,1.3417346477508545,1.0,0.0
tess2024223182411,confirmed_planet,,0.57025075,1.1729416102170944,1.0,0.0
tess2021204101404,confirmed_planet,,0.5767919,1.4455032050609589,1.0,0.0
tess2021204101404,confirmed_planet,,0.51386064,1.2509745359420776,1.0,0.0
tess2024196212429,confirmed_planet,,0.61286414,1.276106595993042,1.0,0.0
tess2024058030222,confirmed_planet,,0.5711394,1.0432924181222916,1.0,0.04949319362640381
tess2022190063128,confirmed_planet,,0.56136554,1.3326520025730133,1.0,0.0
tess2024003055635,confirmed_planet,,0.59115994,1.4222811162471771,1.0,0.0
tess2024030031500,confirmed_planet,,0.5680055,1.1921330392360687,1.0,0.0
tess2024223182411,confirmed_planet,,0.5972221,1.4261028170585632,1.0,0.0
tess2024003055635,confirmed_planet,,0.36547112,1.274497240781784,1.0,0.0
tess2022190063128,confirmed_planet,,0.56591195,1.31667959690094,1.0,0.0
tess2024196212429,confirmed_planet,,0.6178591,1.191342070698738,1.0,0.02218806743621826
tess2024170053053,confirmed_planet,,0.59138554,1.333150714635849,1.0,0.0
tess2024196212429,confirmed_planet,,0.67710274,1.2067807614803314,1.0,0.07371234893798828
tess2022164095748,confirmed_planet,,0.5845409,1.4582343697547913,1.0,0.0
tess2024170053053,confirmed_planet,,0.59689325,1.1573723703622818,1.0,0.018207073211669922
tess2021175071901,confirmed_planet,,0.5927634,1.1747645139694214,1.0,0.005381166934967041
tess2024196212429,confirmed_planet,,0.54665095,1.2459271103143692,1.0,0.0
tess2024003055635,confirmed_planet,,0.5574707,1.4478734731674194,1.0,0.0
tess2021175071901,confirmed_planet,,0.6123466,1.027651023119688,1.0,0.09852105379104614
tess2024030031500,confirmed_planet,,0.581792,1.1641797721385956,1.0,0.0
tess2021204101404,confirmed_planet,,0.5983483,1.24800643324852,1.0,0.0
tess2024030031500,confirmed_planet,,0.5977831,1.2020393908023834,1.0,0.0
tess2021204101404,confirmed_planet,,0.5829146,1.0692874416708946,1.0,0.04827088117599487
tess2024170053053,confirmed_planet,,0.5814666,1.1845008581876755,1.0,0.0
tess2024003055635,confirmed_planet,,0.556586,1.253939539194107,1.0,0.0
tess2024223182411,confirmed_planet,,0.59185153,1.283928006887436,1.0,0.0
tess2024223182411,confirmed_planet,,0.5920042,1.3820288479328156,1.0,0.0
tess2021204101404,confirmed_planet,,0.6058674,1.0489657633006573,1.0,0.08138447999954224
tess2024223182411,confirmed_planet,,0.5908843,1.4566465616226196,1.0,0.0
tess2022190063128,confirmed_planet,,0.5563312,1.084487333893776,1.0,0.014087557792663574
tess2022190063128,confirmed_planet,,0.5617849,1.2282862663269043,1.0,0.0
tess2024223182411,confirmed_planet,,0.6242033,1.31470188498497,1.0,0.0
tess2024170053053,confirmed_planet,,0.5170512,1.2778279483318329,1.0,0.0
tess2024003055635,confirmed_planet,,0.57988113,1.2193143516778946,1.0,0.0
tess2024003055635,confirmed_planet,,0.6025021,1.200345978140831,1.0,0.002329111099243164
tess2021175071901,confirmed_planet,,0.5932211,1.3448162376880646,1.0,0.0
tess2022190063128,confirmed_planet,,0.59992886,1.3558822572231293,1.0,0.0
tess2024003055635,confirmed_planet,,0.6227034,1.2512262165546417,1.0,0.0
tess2024223182411,confirmed_planet,,0.59921724,1.2515313923358917,1.0,0.0
tess2024223182411,confirmed_planet,,0.49688092,1.0804809778928757,1.0,0.0
tess2024196212429,confirmed_planet,,0.56887037,0.9742871429771185,1.0,0.0817267894744873
tess2022164095748,confirmed_planet,,0.55069464,1.1509111821651459,1.0,0.0
tess2024196212429,confirmed_planet,,0.5681549,1.2960393130779266,1.0,0.0
tess2024003055635,confirmed_planet,,0.4504992,1.0851772502064705,0.993087887763977,0.0
tess2024223182411,confirmed_planet,,0.6080157,1.0961797833442688,1.0,0.059925854206085205
tess2022190063128,confirmed_planet,,0.54349524,1.1956422924995422,1.0,0.0
tess2022190063128,confirmed_planet,,0.16480063,1.260662704706192,0.7951319813728333,0.0
tess2024196212429,confirmed_planet,,0.5876174,1.4255331754684448,1.0,0.0
tess2021204101404,confirmed_planet,,0.55339533,1.1624893993139267,1.0,0.0
tess2024030031500,confirmed_planet,,0.58580554,1.3959492444992065,1.0,0.0
tess2024196212429,confirmed_planet,,0.62129676,1.3339295089244843,1.0,0.0
tess2024170053053,confirmed_planet,,0.5858251,1.2366760075092316,1.0,0.0
tess2024030031500,confirmed_planet,,0.5825771,1.324816346168518,1.0,0.0
tess2024003055635,confirmed_planet,,0.5988948,1.0770177692174911,1.0,0.06038588285446167
tess2024170053053,confirmed_planet,,0.612429,1.4532709121704102,1.0,0.0
tess2024030031500,confirmed_planet,,0.5657502,1.594408392906189,1.0,0.0
tess2024223182411,confirmed_planet,,0.5738796,1.3703156411647797,1.0,0.0
tess2024058030222,confirmed_planet,,0.5697282,1.0598177462816238,1.0,0.039819300174713135
tess2021204101404,confirmed_planet,,0.59153086,1.4247551262378693,1.0,0.0
tess2024170053053,confirmed_planet,,0.5404134,1.182793989777565,1.0,0.0
tess2024223182411,confirmed_planet,,0.5846194,1.3322377800941467,1.0,0.0
tess2024030031500,confirmed_planet,,0.5520294,1.2782920598983765,1.0,0.0
tess2024003055635,confirmed_planet,,0.53543574,1.16818368434906,1.0,0.0
tess2022190063128,confirmed_planet,,0.43883073,1.3120381236076355,1.0,0.0
tess2024223182411,confirmed_planet,,0.57969767,1.3030915260314941,1.0,0.0
tess2024003055635,confirmed_planet,,0.5855496,1.2599947452545166,1.0,0.0
tess2024170053053,confirmed_planet,,0.4585946,1.141215294599533,1.0,0.0
tess2024003055635,confirmed_planet,,0.5852276,1.2711937725543976,1.0,0.0
tess2024030031500,confirmed_planet,,0.5634335,1.3440702259540558,1.0,0.0
tess2024249191853,confirmed_planet,,0.5184236,1.3076905012130737,1.0,0.0
tess2024196212429,confirmed_planet,,0.6163703,1.1715413480997086,1.0,0.030599653720855713
tess2024223182411,confirmed_planet,,0.6005284,1.3248575925827026,1.0,0.0
tess2024196212429,confirmed_planet,,0.5859589,1.2218461632728577,1.0,0.0
tess2024223182411,confirmed_planet,,0.57636005,1.235724151134491,1.0,0.0
tess2024030031500,confirmed_planet,,0.6041791,1.0668257474899292,1.0,0.07076621055603027
tess2024170053053,confirmed_planet,,0.5740029,1.263715237379074,1.0,0.0
tess2024196212429,confirmed_planet,,0.58544266,1.566046416759491,1.0,0.0
tess2024223182411,confirmed_planet,,0.59048265,1.063090719282627,1.0,0.05893731117248535
tess2024030031500,confirmed_planet,,0.58474785,1.4050317406654358,1.0,0.0
tess2024196212429,confirmed_planet,,0.60089177,1.36763134598732,1.0,0.0
tess2024170053053,confirmed_planet,,0.5551385,1.0766751915216446,1.0,0.01680094003677368
tess2022164095748,confirmed_planet,,0.6020721,1.1717519760131836,1.0,0.016196131706237793
tess2022217014003,confirmed_planet,,0.6024398,1.0840384289622307,1.0,0.06042063236236572
tess2021175071901,confirmed_planet,,0.583788,1.5387561917304993,1.0,0.0
tess2021204101404,confirmed_planet,,0.51397896,1.303233027458191,1.0,0.0
tess2024003055635,confirmed_planet,,0.58069265,1.2631379663944244,1.0,0.0
tess2022190063128,confirmed_planet,,0.53353465,1.0536685138940811,1.0,0.006700396537780762
tess2024223182411,confirmed_planet,,0.58739424,1.083723895251751,1.0,0.045532286167144775
tess2020160202036,confirmed_planet,,0.61066794,1.192157655954361,1.0,0.014589130878448486
tess2022217014003,confirmed_planet,,0.5911034,1.1726962625980377,1.0,0.004755258560180664
tess2024030031500,confirmed_planet,,0.6156611,1.1071339547634125,1.0,0.06209409236907959
tess2024030031500,confirmed_planet,,0.56626,1.3170451819896698,1.0,0.0
tess2024170053053,confirmed_planet,,0.5894814,1.3015826046466827,1.0,0.0
tess2024223182411,confirmed_planet,,0.5058893,1.1299623399972916,1.0,0.0
tess2024196212429,confirmed_planet,,0.62457615,1.105682022869587,1.0,0.07173514366149902
tess2022217014003,confirmed_planet,,0.59880257,1.169630691409111,1.0,0.013987243175506592
tess2024170053053,confirmed_planet,,0.5681259,1.148229867219925,1.0,0.0
tess2024170053053,confirmed_planet,,0.55696595,1.2136844545602798,1.0,0.0
tess2024223182411,confirmed_planet,,0.603377,1.3569385707378387,1.0,0.0
tess2024003055635,confirmed_planet,,0.5780294,1.1036663502454758,1.0,0.02619624137878418
tess2024223182411,confirmed_planet,,0.62691486,1.1184905916452408,1.0,0.0676695704460144
tess2024170053053,confirmed_planet,,0.5539515,1.1316490024328232,1.0,0.0
tess2024223182411,confirmed_planet,,0.59289396,1.067258171737194,1.0,0.0592648983001709
tess2024223182411,confirmed_planet,,0.5986268,1.2479780912399292,1.0,0.0
tess2022217014003,confirmed_planet,,0.5911536,1.2739139795303345,1.0,0.0
tess2024196212429,confirmed_planet,,0.6031836,1.27540922164917,1.0,0.0
tess2021175071901,confirmed_planet,,0.5902999,1.4379425048828125,1.0,0.0
tess2024170053053,confirmed_planet,,0.55846775,1.099494107067585,1.0,0.008720695972442627
tess2021204101404,confirmed_planet,,0.5646784,1.4190595149993896,1.0,0.0
tess2024196212429,confirmed_planet,,0.62195396,1.265799105167389,1.0,0.0
tess2024196212429,confirmed_planet,,0.6024641,1.4133091866970062,1.0,0.0
tess2024223182411,confirmed_planet,,0.5773046,1.2097135931253433,1.0,0.0
tess2022190063128,confirmed_planet,,0.5763446,1.0875138863921165,1.0,0.032587647438049316
tess2024030031500,confirmed_planet,,0.5679565,1.2354389280080795,1.0,0.0
tess2024170053053,confirmed_planet,,0.6076065,1.3542797267436981,1.0,0.0
tess2022190063128,confirmed_planet,,0.39601701,1.2575264871120453,1.0,0.0
tess2024223182411,confirmed_planet,,0.59033394,1.2343790382146835,1.0,0.0
tess2024196212429,confirmed_planet,,0.6227528,1.2432173788547516,1.0,0.001144111156463623
tess2024030031500,confirmed_planet,,0.5615464,1.1506904810667038,1.0,0.0
tess2024170053053,confirmed_planet,,0.5877636,1.3213767111301422,1.0,0.0
tess2024003055635,confirmed_planet,,0.58484423,1.2560752928256989,1.0,0.0
tess2024003055635,confirmed_planet,,0.5924712,1.1257600039243698,1.0,0.02959120273590088
tess2024196212429,confirmed_planet,,0.5950104,1.2869960367679596,1.0,0.0
tess2022217014003,confirmed_planet,,0.48588118,1.1041803807020187,1.0,0.0
tess2021175071901,confirmed_planet,,0.57607937,1.20684452354908,1.0,0.0
tess2024030031500,confirmed_planet,,0.5604094,1.2225376814603806,1.0,0.0
tess2024196212429,confirmed_planet,,0.5999949,1.3526437282562256,1.0,0.0
tess2024196212429,confirmed_planet,,0.60144126,1.3539538383483887,1.0,0.0
tess2024196212429,confirmed_planet,,0.58993554,1.3000312447547913,1.0,0.0
tess2024170053053,confirmed_planet,,0.59647113,1.3206769526004791,1.0,0.0
tess2024170053053,confirmed_planet,,0.5895331,0.9090412333607674,1.0,0.13501247763633728
tess2024003055635,confirmed_planet,,0.5725111,1.0469553619623184,1.0,0.049033403396606445
tess2022217014003,confirmed_planet,,0.582809,1.3700063526630402,1.0,0.0
tess2024030031500,confirmed_planet,,0.61420804,1.2608153820037842,1.0,0.0
tess2024170053053,confirmed_planet,,0.4135393,1.468722939491272,1.0,0.0
tess2022164095748,confirmed_planet,,0.37844548,1.2742152214050293,1.0,0.0
tess2024196212429,confirmed_planet,,0.5890422,1.2633021175861359,1.0,0.0
tess2024196212429,confirmed_planet,,0.5923199,1.1678494065999985,1.0,0.008395195007324219
tess2022190063128,confirmed_planet,,0.5683489,1.2239534854888916,1.0,0.0
tess2024170053053,confirmed_planet,,0.59424055,1.1940871477127075,1.0,0.0
tess2024196212429,confirmed_planet,,0.5760492,1.189606949687004,1.0,0.0
tess2024196212429,confirmed_planet,,0.58406955,1.1532551497220993,1.0,0.007441997528076172
tess2024003055635,confirmed_planet,,0.59500355,1.2570108473300934,1.0,0.0
tess2024196212429,confirmed_planet,,0.59602034,1.302223026752472,1.0,0.0
tess2024003055635,confirmed_planet,,0.59908783,1.2998242676258087,1.0,0.0
tess2024003055635,confirmed_planet,,0.5858567,1.288791447877884,1.0,0.0
tess2024249191853,confirmed_planet,,0.12450243,1.2820231020450592,0.7655139565467834,0.0
tess2024196212429,confirmed_planet,,0.58853835,1.4158807396888733,1.0,0.0
tess2024003055635,confirmed_planet,,0.48188776,1.2080984860658646,1.0,0.0
tess2024003055635,confirmed_planet,,0.54716784,1.03983423858881,1.0,0.027250707149505615
tess2024030031500,confirmed_planet,,0.36105734,1.1746370643377304,0.9483758807182312,0.0
tess2024223182411,confirmed_planet,,0.5618329,1.071405068039894,1.0,0.026130378246307373
tess2022217014003,confirmed_planet,,0.58660215,1.3603621423244476,1.0,0.0
tess2024223182411,confirmed_planet,,0.58259183,1.674376904964447,1.0,0.0
tess2024003055635,confirmed_planet,,0.5789293,1.0624473877251148,1.0,0.04770559072494507
tess2024170053053,confirmed_planet,,0.5316668,1.1824423968791962,1.0,0.0
tess2024003055635,confirmed_planet,,0.3964669,1.205406591296196,0.999170184135437,0.0
tess2021204101404,confirmed_planet,,0.5687958,1.1583591103553772,1.0,0.0
tess2024030031500,confirmed_planet,,0.58379483,1.3363415598869324,1.0,0.0
tess2022164095748,confirmed_planet,,0.595751,1.3227586448192596,1.0,0.0
tess2024003055635,confirmed_planet,,0.5760199,1.2445412576198578,1.0,0.0
tess2024003055635,confirmed_planet,,0.60066986,1.2401764392852783,1.0,0.0
tess2024003055635,confirmed_planet,,0.5744714,1.1865326464176178,1.0,0.0
tess2024170053053,confirmed_planet,,0.6379254,1.4309542775154114,1.0,0.0
tess2024196212429,confirmed_planet,,0.6038886,1.3088644444942474,1.0,0.0
tess2024196212429,confirmed_planet,,0.48379818,0.9624432548880577,0.9650198221206665,0.0025765597820281982
tess2024196212429,confirmed_planet,,0.6164193,1.1417513340711594,1.0,0.045543670654296875
tess2024003055635,confirmed_planet,,0.5498085,1.1695337444543839,1.0,0.0
tess2024249191853,confirmed_planet,,0.58866185,1.0426415875554085,1.0,0.06734102964401245
tess2024196212429,confirmed_planet,,0.58164513,1.1389810591936111,1.0,0.012154579162597656
tess2024003055635,confirmed_planet,,0.5856705,1.098857581615448,1.0,0.03624165058135986
tess2022164095748,confirmed_planet,,0.5993466,1.1511732339859009,1.0,0.023759961128234863
tess2024003055635,confirmed_planet,,0.5911107,1.3593109548091888,1.0,0.0
tess2024223182411,confirmed_planet,,0.57582086,1.2424376755952835,1.0,0.0
tess2022164095748,confirmed_planet,,0.6051876,1.4902307987213135,1.0,0.0
tess2024196212429,confirmed_planet,,0.6178163,1.2011704593896866,1.0,0.017231106758117676
tess2024223182411,confirmed_planet,,0.6110023,1.1618087738752365,1.0,0.03009796142578125
tess2024030031500,confirmed_planet,,0.588257,1.1632175743579865,1.0,0.006648242473602295
tess2024196212429,confirmed_planet,,0.5326106,1.342403769493103,1.0,0.0
tess2022217014003,confirmed_planet,,0.58551365,1.1945459246635437,1.0,0.0
tess2024030031500,confirmed_planet,,0.57091373,1.0239664930850267,1.0,0.05893045663833618
tess2022190063128,confirmed_planet,,0.5251531,1.212396264076233,1.0,0.0
tess2024196212429,confirmed_planet,,0.59864634,1.3861054480075836,1.0,0.0
tess2024003055635,confirmed_planet,,0.5601948,1.2206850945949554,1.0,0.0
tess2024249191853,confirmed_planet,,0.58689076,1.2995064556598663,1.0,0.0
tess2024223182411,confirmed_planet,,0.5803068,1.317586898803711,1.0,0.0
tess2022190063128,confirmed_planet,,0.57618624,1.2264815419912338,1.0,0.0
tess2022190063128,confirmed_planet,,0.547126,1.3765752911567688,1.0,0.0
tess2024223182411,confirmed_planet,,0.57526916,1.214712917804718,1.0,0.0
tess2022190063128,confirmed_planet,,0.5663047,1.27080038189888,1.0,0.0
tess2024196212429,confirmed_planet,,0.5853898,1.1761031597852707,1.0,0.0
tess2024058030222,confirmed_planet,,0.5570876,1.0212617386132479,1.0,0.046456754207611084
tess2024030031500,confirmed_planet,,0.5970872,1.0572479963302612,1.0,0.06846320629119873
tess2024030031500,confirmed_planet,,0.5565041,1.415182888507843,1.0,0.0
tess2024196212429,confirmed_planet,,0.59921896,1.2910541892051697,1.0,0.0
tess2024196212429,confirmed_planet,,0.61218405,1.2709266245365143,1.0,0.0
tess2024030031500,confirmed_planet,,0.5889882,1.059354092925787,1.0,0.0593111515045166
tess2022217014003,confirmed_planet,,0.6221526,1.5634384751319885,1.0,0.0
tess2024223182411,confirmed_planet,,0.5951516,1.2717553079128265,1.0,0.0
tess2024223182411,confirmed_planet,,0.5801979,1.206739991903305,1.0,0.0
tess2024196212429,confirmed_planet,,0.51710176,1.0283291526138783,1.0,0.0029371976852416992
tess2022190063128,confirmed_planet,,0.58297527,1.4401625990867615,1.0,0.0
tess2024030031500,confirmed_planet,,0.5843458,1.1308013945817947,1.0,0.01894509792327881
tess2021175071901,confirmed_planet,,0.55941546,1.4038804769515991,1.0,0.0
tess2022217014003,confirmed_planet,,0.59948325,1.255416214466095,1.0,0.0
tess2024003055635,confirmed_planet,,0.37757674,1.1416478753089905,0.948400616645813,0.0
tess2024030031500,confirmed_planet,,0.588557,1.2377685010433197,1.0,0.0
tess2021204101404,confirmed_planet,,0.54752445,1.2587268948554993,1.0,0.0
tess2022190063128,confirmed_planet,,0.58977234,1.3340337872505188,1.0,0.0
tess2024030031500,confirmed_planet,,0.56593585,1.3383498787879944,1.0,0.0
tess2024223182411,confirmed_planet,,0.595754,1.3539624512195587,1.0,0.0
tess2021175071901,confirmed_planet,,0.58994746,1.1239356026053429,1.0,0.027979671955108643
tess2024196212429,confirmed_planet,,0.5849568,1.1129377335309982,1.0,0.028487980365753174
tess2024030031500,confirmed_planet,,0.59068245,1.332795262336731,1.0,0.0
tess2024196212429,confirmed_planet,,0.5778881,1.3030175566673279,1.0,0.0
tess2022164095748,confirmed_planet,,0.6220677,1.0614290311932564,1.0,0.09135317802429199
tess2024030031500,confirmed_planet,,0.5634673,1.2909154891967773,1.0,0.0
tess2024058030222,confirmed_planet,,0.56556207,1.2471847832202911,1.0,0.0
tess2024223182411,confirmed_planet,,0.5822604,1.2283202856779099,1.0,0.0
tess2024196212429,confirmed_planet,,0.5866937,1.2326362282037735,1.0,0.0
tess2024223182411,confirmed_planet,,0.57177633,1.3836699724197388,1.0,0.0
tess2024196212429,confirmed_planet,,0.5933266,1.2720125317573547,1.0,0.0
tess2024223182411,confirmed_planet,,0.5920036,1.179813176393509,1.0,0.002097010612487793
tess2024196212429,confirmed_planet,,0.62648666,1.2706738114356995,1.0,0.0
tess2024196212429,confirmed_planet,,0.58015,1.351200670003891,1.0,0.0
tess2021175071901,confirmed_planet,,0.5761685,1.216964453458786,1.0,0.0
tess2024196212429,confirmed_planet,,0.5717528,1.5739490985870361,1.0,0.0
tess2019198215352,confirmed_planet,,0.5980838,1.317544162273407,1.0,0.0
tess2024223182411,confirmed_planet,,0.59196013,1.3655482828617096,1.0,0.0
tess2024030031500,confirmed_planet,,0.5900466,1.1622292399406433,1.0,0.008931934833526611
tess2024223182411,confirmed_planet,,0.5840531,1.2580820620059967,1.0,0.0
tess2024030031500,confirmed_planet,,0.57599044,1.2675637006759644,1.0,0.0
tess2024170053053,confirmed_planet,,0.55778223,1.2250794917345047,1.0,0.0
tess2021175071901,confirmed_planet,,0.58408445,1.1966028958559036,1.0,0.0
tess2024003055635,confirmed_planet,,0.5923985,1.1610447615385056,1.0,0.011876165866851807
tess2024003055635,confirmed_planet,,0.57761616,1.2983274459838867,1.0,0.0
tess2024196212429,confirmed_planet,,0.61824715,1.42629873752594,1.0,0.0
tess2024003055635,confirmed_planet,,0.5711502,1.1707905381917953,1.0,0.0
tess2021175071901,confirmed_planet,,0.57698154,1.1797663569450378,1.0,0.0
tess2022190063128,confirmed_planet,,0.5697088,1.29038605093956,1.0,0.0
tess2024030031500,confirmed_planet,,0.60724384,1.2987144887447357,1.0,0.0
tess2024196212429,confirmed_planet,,0.56990695,1.2986405491828918,1.0,0.0
tess2024003055635,confirmed_planet,,0.5863154,1.1790523380041122,1.0,0.0
tess2021175071901,confirmed_planet,,0.5532604,1.4013055860996246,1.0,0.0
tess2022217014003,confirmed_planet,,0.5987432,1.1416429430246353,1.0,0.027921736240386963
tess2021175071901,confirmed_planet,,0.5978576,1.1610018610954285,1.0,0.01735663414001465
tess2021204101404,confirmed_planet,,0.56717116,1.1815716922283173,1.0,0.0
tess2024170053053,confirmed_planet,,0.53853446,1.2531005144119263,1.0,0.0
tess2024170053053,confirmed_planet,,0.5986036,1.4714606702327728,1.0,0.0
tess2024058030222,confirmed_planet,,0.5698123,1.320574164390564,1.0,0.0
tess2021204101404,confirmed_planet,,0.571019,1.4398841857910156,1.0,0.0
tess2022217014003,confirmed_planet,,0.5397358,1.1941899210214615,1.0,0.0
tess2024170053053,confirmed_planet,,0.6280822,1.337144672870636,1.0,0.0
tess2024223182411,confirmed_planet,,0.60101825,1.0869292244315147,1.0,0.057553648948669434
tess2024030031500,confirmed_planet,,0.5743579,1.2442019283771515,1.0,0.0
tess2022164095748,confirmed_planet,,0.63704985,1.2312750816345215,1.0,0.021412312984466553
tess2024003055635,confirmed_planet,,0.56839687,1.2588046789169312,1.0,0.0
tess2024058030222,confirmed_planet,,0.55689585,1.165657952427864,1.0,0.0
tess2024196212429,confirmed_planet,,0.6299765,1.4688749611377716,1.0,0.0
tess2024196212429,confirmed_planet,,0.57955223,1.3908084034919739,1.0,0.0
tess2024223182411,confirmed_planet,,0.59045726,1.340425282716751,1.0,0.0
tess2024249191853,confirmed_planet,,0.4457433,1.4531283378601074,1.0,0.0
tess2024170053053,confirmed_planet,,0.5757574,1.3352620601654053,1.0,0.0
tess2024170053053,confirmed_planet,,0.58679885,1.2549282312393188,1.0,0.0
tess2024223182411,confirmed_planet,,0.5832326,1.028891621157527,1.0,0.06878679990768433
tess2024223182411,confirmed_planet,,0.59462404,1.15422023832798,1.0,0.017513930797576904
tess2024196212429,confirmed_planet,,0.45264757,1.0867377817630768,0.9960164427757263,0.0
tess2024003055635,confirmed_planet,,0.59980285,1.3233985602855682,1.0,0.0
tess2024030031500,confirmed_planet,,0.5692144,1.3790554106235504,1.0,0.0
tess2024030031500,confirmed_planet,,0.5984534,1.0801888778805733,1.0,0.058358967304229736
tess2024196212429,confirmed_planet,,0.6319844,1.3771211504936218,1.0,0.0
tess2024170053053,confirmed_planet,,0.5688795,1.1621809303760529,1.0,0.0
tess2024223182411,confirmed_planet,,0.5715121,1.1335434317588806,1.0,0.004740357398986816
tess2022190063128,confirmed_planet,,0.5718674,1.4196168780326843,1.0,0.0
tess2021175071901,confirmed_planet,,0.587972,1.3494606912136078,1.0,0.0
tess2024223182411,confirmed_planet,,0.5778833,1.2423651963472366,1.0,0.0
tess2024223182411,confirmed_planet,,0.56727827,0.9654977209866047,1.0,0.08452939987182617
tess2024170053053,confirmed_planet,,0.5569532,1.1807953864336014,1.0,0.0
tess2021204101404,confirmed_planet,,0.41888145,1.1785504519939423,1.0,0.0
tess2022190063128,confirmed_planet,,0.601776,1.3083936870098114,1.0,0.0
tess2024223182411,confirmed_planet,,0.5900149,1.4418134689331055,1.0,0.0
tess2024058030222,confirmed_planet,,0.58266485,1.0190295446664095,1.0,0.07315009832382202
tess2024223182411,confirmed_planet,,0.5794741,1.3995163142681122,1.0,0.0
tess2024170053053,confirmed_planet,,0.5591858,1.2606509625911713,1.0,0.0
tess2024196212429,confirmed_planet,,0.5902516,1.2380446195602417,1.0,0.0
tess2024196212429,confirmed_planet,,0.626729,1.2673887610435486,1.0,0.0
tess2021204101404,confirmed_planet,,0.56132644,1.4003844261169434,1.0,0.0
tess2024223182411,confirmed_planet,,0.5924919,1.4053520858287811,1.0,0.0
tess2024223182411,confirmed_planet,,0.59140325,1.3671262860298157,1.0,0.0
tess2021175071901,confirmed_planet,,0.5804954,1.164120376110077,1.0,0.0
tess2024170053053,confirmed_planet,,0.43106022,1.3559457659721375,1.0,0.0
tess2024223182411,confirmed_planet,,0.5997892,1.4336008131504059,1.0,0.0
tess2019226182529,confirmed_planet,,0.5968476,1.064225785434246,1.0,0.06473469734191895
tess2024223182411,confirmed_planet,,0.5874306,1.0526048839092255,1.0,0.06112813949584961
tess2024223182411,confirmed_planet,,0.51014847,1.1846528053283691,1.0,0.0
tess2024003055635,confirmed_planet,,0.5345812,1.2000855058431625,1.0,0.0
tess2022190063128,confirmed_planet,,0.5794771,1.2472229897975922,1.0,0.0
tess2024003055635,confirmed_planet,,0.5957206,1.3760000169277191,1.0,0.0
tess2024196212429,confirmed_planet,,0.6173149,1.484265387058258,1.0,0.0
tess2024170053053,confirmed_planet,,0.55212504,1.0694792121648788,1.0,0.017385423183441162
tess2024003055635,confirmed_planet,,0.60273844,1.1531479507684708,1.0,0.026164472103118896
tess2024196212429,confirmed_planet,,0.5938571,1.4581266045570374,1.0,0.0
tess2024223182411,confirmed_planet,,0.5794518,1.2932649850845337,1.0,0.0
tess2021175071901,confirmed_planet,,0.6088987,1.2705093622207642,1.0,0.0
tess2022190063128,confirmed_planet,,0.5978189,1.3220555484294891,1.0,0.0
tess2022164095748,confirmed_planet,,0.5911336,1.2831062972545624,1.0,0.0
tess2021204101404,confirmed_planet,,0.57960147,1.1738706231117249,1.0,0.0
tess2024223182411,confirmed_planet,,0.6006065,1.3520213663578033,1.0,0.0
tess2024196212429,confirmed_planet,,0.5858461,1.0869905799627304,1.0,0.042350828647613525
tess2024170053053,confirmed_planet,,0.5956851,1.383646160364151,1.0,0.0
tess2024249191853,confirmed_planet,,0.6092901,1.0736610665917397,1.0,0.07245957851409912
tess2024196212429,confirmed_planet,,0.59692055,1.266118347644806,1.0,0.0
tess2021175071901,confirmed_planet,,0.5555667,1.2468703538179398,1.0,0.0
tess2024003055635,confirmed_planet,,0.5392699,1.2595287561416626,1.0,0.0
tess2024196212429,confirmed_planet,,0.5916518,1.3422619700431824,1.0,0.0
tess2022217014003,confirmed_planet,,0.6079729,1.2746318578720093,1.0,0.0
tess2024030031500,confirmed_planet,,0.3960323,1.2006569504737854,0.9963607788085938,0.0
tess2024030031500,confirmed_planet,,0.5949172,1.2958671748638153,1.0,0.0
tess2021204101404,confirmed_planet,,0.56974036,1.378074288368225,1.0,0.0
tess2024196212429,confirmed_planet,,0.58711827,1.413146197795868,1.0,0.0
tess2024196212429,confirmed_planet,,0.6227933,1.4987724125385284,1.0,0.0
tess2024196212429,confirmed_planet,,0.6078638,1.325983077287674,1.0,0.0
tess2024003055635,confirmed_planet,,0.58500725,1.1966725438833237,1.0,0.0
tess2024196212429,confirmed_planet,,0.6019874,1.3575950264930725,1.0,0.0
tess2024003055635,confirmed_planet,,0.56723374,1.3607844412326813,1.0,0.0
tess2024196212429,confirmed_planet,,0.51876384,1.1106718257069588,1.0,0.0
tess2022190063128,confirmed_planet,,0.5646155,1.041711613535881,1.0,0.043759703636169434
tess2024196212429,confirmed_planet,,0.57695293,1.2505003809928894,1.0,0.0
tess2024223182411,confirmed_planet,,0.5863897,1.2163090109825134,1.0,0.0
tess2024223182411,confirmed_planet,,0.57719463,1.2509573698043823,1.0,0.0
tess2024170053053,confirmed_planet,,0.638256,1.4341815412044525,1.0,0.0
tess2024223182411,confirmed_planet,,0.5670652,1.1973369270563126,1.0,0.0
tess2024030031500,confirmed_planet,,0.5774053,1.1374457776546478,1.0,0.00868237018585205
tess2024196212429,confirmed_planet,,0.6232554,1.4093325436115265,1.0,0.0
tess2024030031500,confirmed_planet,,0.5742655,1.2406946420669556,1.0,0.0
tess2022217014003,confirmed_planet,,0.59602773,0.8661747425794601,1.0,0.1629403531551361
tess2024003055635,confirmed_planet,,0.58419967,1.2156004309654236,1.0,0.0
tess2022217014003,confirmed_planet,,0.5826458,1.341056376695633,1.0,0.0
tess2024223182411,confirmed_planet,,0.60302734,1.1013029515743256,1.0,0.052375853061676025
tess2022190063128,confirmed_planet,,0.5952979,1.4201903641223907,1.0,0.0
tess2024003055635,confirmed_planet,,0.60283494,1.20259790122509,1.0,0.0015360116958618164
tess2024030031500,confirmed_planet,,0.58569837,1.1182038486003876,1.0,0.026596426963806152
tess2024030031500,confirmed_planet,,0.6007502,1.1496574133634567,1.0,0.025921523571014404
tess2024003055635,confirmed_planet,,0.5752455,1.3871286511421204,1.0,0.0
tess2024030031500,confirmed_planet,,0.5748328,1.4105498790740967,1.0,0.0
tess2024170053053,confirmed_planet,,0.5772559,1.147843912243843,1.0,0.0033339262008666992
tess2024196212429,confirmed_planet,,0.5824966,1.3234418630599976,1.0,0.0
tess2022190063128,confirmed_planet,,0.5557941,1.3720722794532776,1.0,0.0
tess2024223182411,confirmed_planet,,0.5760589,1.1122398152947426,1.0,0.019939005374908447
tess2024223182411,confirmed_planet,,0.59730715,1.4353183507919312,1.0,0.0
tess2024196212429,confirmed_planet,,0.58263564,1.3786020278930664,1.0,0.0
tess2022164095748,confirmed_planet,,0.6000319,1.1823870837688446,1.0,0.008838355541229248
tess2024196212429,confirmed_planet,,0.58151627,1.403747409582138,1.0,0.0
tess2024196212429,confirmed_planet,,0.50627786,1.4575829803943634,1.0,0.0
tess2022217014003,confirmed_planet,,0.5725904,1.24627885222435,1.0,0.0
tess2024003055635,confirmed_planet,,0.57464755,1.6802907586097717,1.0,0.0
tess2024196212429,confirmed_planet,,0.6184195,1.2700541317462921,1.0,0.0
tess2024196212429,confirmed_planet,,0.56157595,1.2698384821414948,1.0,0.0
tess2024170053053,confirmed_planet,,0.59311384,1.329868495464325,1.0,0.0
tess2024223182411,confirmed_planet,,0.371659,1.2888724505901337,1.0,0.0
tess2024030031500,confirmed_planet,,0.57419926,1.1666187196969986,1.0,0.0
tess2024003055635,confirmed_planet,,0.6104195,1.3941949009895325,1.0,0.0
tess2024223182411,confirmed_planet,,0.5968591,1.3584981858730316,1.0,0.0
tess2024196212429,confirmed_planet,,0.59373206,1.2010526359081268,1.0,0.0
tess2022190063128,confirmed_planet,,0.5737277,0.9926415970548987,1.0,0.07740694284439087
tess2024003055635,confirmed_planet,,0.5856582,1.2062133848667145,1.0,0.0
tess2024249191853,confirmed_planet,,0.5806887,1.1089226379990578,1.0,0.02622741460800171
tess2021175071901,confirmed_planet,,0.5223943,1.1899318248033524,1.0,0.0
tess2024223182411,confirmed_planet,,0.603854,1.1358709186315536,1.0,0.03591853380203247
tess2024003055635,confirmed_planet,,0.5597144,1.2585020065307617,1.0,0.0
tess2024170053053,confirmed_planet,,0.5769394,1.110823042690754,1.0,0.021527886390686035
tess2024196212429,confirmed_planet,,0.5093786,1.1737849861383438,1.0,0.0
tess2024223182411,confirmed_planet,,0.58350474,1.3270282447338104,1.0,0.0
tess2022164095748,confirmed_planet,,0.60941076,1.2558762729167938,1.0,0.0
tess2021204101404,confirmed_planet,,0.5678004,1.3629579544067383,1.0,0.0
tess2022164095748,confirmed_planet,,0.21015361,1.1088314205408096,0.7645692825317383,0.0
tess2024223182411,confirmed_planet,,0.5984284,1.3172428905963898,1.0,0.0
tess2021204101404,confirmed_planet,,0.5540032,1.1659721434116364,1.0,0.0
tess2024196212429,confirmed_planet,,0.51426876,1.376359462738037,1.0,0.0
tess2024196212429,confirmed_planet,,0.60220325,1.207152634859085,1.0,0.0
tess2024196212429,confirmed_planet,,0.6401031,1.5124419927597046,1.0,0.0
tess2024196212429,confirmed_planet,,0.61960304,1.1166735738515854,1.0,0.06126624345779419
tess2024223182411,confirmed_planet,,0.61269826,1.2150226831436157,1.0,0.005186915397644043
tess2024223182411,confirmed_planet,,0.57607543,1.150058090686798,1.0,0.0010464191436767578
tess2022190063128,confirmed_planet,,0.56414115,1.2117455452680588,1.0,0.0
tess2022164095748,confirmed_planet,,0.60925245,1.1239730045199394,1.0,0.04726594686508179
tess2024223182411,confirmed_planet,,0.61897063,1.3156437277793884,1.0,0.0
tess2024223182411,confirmed_planet,,0.45718864,1.293668508529663,1.0,0.0
tess2024170053053,confirmed_planet,,0.557253,1.4443414509296417,1.0,0.0
tess2024196212429,confirmed_planet,,0.5761056,1.20785553753376,1.0,0.0
tess2024003055635,confirmed_planet,,0.5919361,1.3071498572826385,1.0,0.0
tess2024058030222,confirmed_planet,,0.58994263,1.210817202925682,1.0,0.0
tess2024003055635,confirmed_planet,,0.5844493,0.9121508002281189,1.0,0.1283738911151886
tess2024030031500,confirmed_planet,,0.5699299,1.2111618220806122,1.0,0.0
tess2024003055635,confirmed_planet,,0.60974777,1.4723198115825653,1.0,0.0
tess2024003055635,confirmed_planet,,0.5832392,1.2888332903385162,1.0,0.0
tess2024196212429,confirmed_planet,,0.64264005,1.094907023012638,1.0,0.09518653154373169
tess2024030031500,confirmed_planet,,0.5774026,1.1389462798833847,1.0,0.007929444313049316
tess2024223182411,confirmed_planet,,0.55450964,1.2328816652297974,1.0,0.0
tess2024196212429,confirmed_planet,,0.59533334,1.1785162836313248,1.0,0.0060752034187316895
tess2024058030222,confirmed_planet,,0.55735666,1.083839401602745,1.0,0.015436947345733643
tess2024196212429,confirmed_planet,,0.59382504,1.098229244351387,1.0,0.044710397720336914
tess2024170053053,confirmed_planet,,0.59130675,1.173796534538269,1.0,0.004408478736877441
tess2022217014003,confirmed_planet,,0.58434665,1.185263603925705,1.0,0.0
tess2024196212429,confirmed_planet,,0.6215952,1.3235782384872437,1.0,0.0
tess2024003055635,confirmed_planet,,0.56979895,1.1997315138578415,1.0,0.0
tess2022164095748,confirmed_planet,,0.63884115,1.4062435328960419,1.0,0.0
tess2021204101404,confirmed_planet,,0.5896049,1.1719554960727692,1.0,0.003627181053161621
tess2024170053053,confirmed_planet,,0.62648535,1.2342096269130707,1.0,0.009380519390106201
tess2024223182411,confirmed_planet,,0.6251947,1.281953901052475,1.0,0.0
tess2024030031500,confirmed_planet,,0.61505187,1.3555716276168823,1.0,0.0
tess2021204101404,confirmed_planet,,0.57071054,1.178287997841835,1.0,0.0
tess2024223182411,confirmed_planet,,0.35173115,1.2644501626491547,0.9839562177658081,0.0
tess2021175071901,confirmed_planet,,0.3902952,1.127341017127037,0.9539657235145569,0.0
tess2024003055635,confirmed_planet,,0.60564977,1.1605734080076218,1.0,0.02536308765411377
tess2021175071901,confirmed_planet,,0.5721544,1.1304901987314224,1.0,0.006909310817718506
tess2024030031500,confirmed_planet,,0.61110574,1.1699412614107132,1.0,0.02613508701324463
tess2021204101404,confirmed_planet,,0.55569714,1.3722148537635803,1.0,0.0
tess2024196212429,confirmed_planet,,0.61500263,1.2358709275722504,1.0,0.0
tess2024058030222,confirmed_planet,,0.5691253,1.263861358165741,1.0,0.0
tess2024196212429,confirmed_planet,,0.58757544,1.199800357222557,1.0,0.0
tess2024030031500,confirmed_planet,,0.5873967,1.1575025171041489,1.0,0.008645415306091309
tess2024003055635,confirmed_planet,,0.5893408,1.3354855477809906,1.0,0.0
tess2024196212429,confirmed_planet,,0.5836837,1.147906169295311,1.0,0.009730637073516846
tess2024196212429,confirmed_planet,,0.58482665,1.2042285948991776,1.0,0.0
tess2024003055635,confirmed_planet,,0.5665805,1.1889581978321075,1.0,0.0
tess2024170053053,confirmed_planet,,0.41725522,1.2293358445167542,1.0,0.0
tess2024170053053,confirmed_planet,,0.583298,1.3537299036979675,1.0,0.0
tess2024003055635,confirmed_planet,,0.5786497,1.4633099734783173,1.0,0.0
tess2024003055635,confirmed_planet,,0.59375274,0.9589197747409344,1.0,0.11429286003112793
tess2024223182411,confirmed_planet,,0.5815073,1.3677643537521362,1.0,0.0
tess2024003055635,confirmed_planet,,0.56565523,1.3877044022083282,1.0,0.0
tess2024196212429,confirmed_planet,,0.6086151,1.0873909294605255,1.0,0.06491965055465698
tess2024223182411,confirmed_planet,,0.6052956,1.3700933754444122,1.0,0.0
tess2024170053053,confirmed_planet,,0.5721447,1.343144565820694,1.0,0.0
tess2024223182411,confirmed_planet,,0.58852106,1.3129407167434692,1.0,0.0
tess2024030031500,confirmed_planet,,0.5724783,1.2164629399776459,1.0,0.0
tess2024223182411,confirmed_planet,,0.4386289,1.261989563703537,1.0,0.0
tess2021204101404,confirmed_planet,,0.5761429,1.3526822924613953,1.0,0.0
tess2024058030222,confirmed_planet,,0.5610914,1.351497620344162,1.0,0.0
tess2022190063128,confirmed_planet,,0.58065283,1.2870915532112122,1.0,0.0
tess2024030031500,confirmed_planet,,0.56432104,1.0619847811758518,1.0,0.03332865238189697
tess2024223182411,confirmed_planet,,0.58335614,1.2139194011688232,1.0,0.0
tess2021204101404,confirmed_planet,,0.56988084,1.3830724358558655,1.0,0.0
tess2024170053053,confirmed_planet,,0.59885967,1.1768706887960434,1.0,0.010424315929412842
tess2024196212429,confirmed_planet,,0.5837284,1.1112210154533386,1.0,0.028117835521697998
tess2024223182411,confirmed_planet,,0.56711066,1.2728726267814636,1.0,0.0
tess2024030031500,confirmed_planet,,0.5887709,1.1737459599971771,1.0,0.0018979310989379883
tess2024003055635,confirmed_planet,,0.5841497,1.2113852947950363,1.0,0.0
tess2024196212429,confirmed_planet,,0.59886014,1.5948546528816223,1.0,0.0
tess2024196212429,confirmed_planet,,0.4165749,1.1590194553136826,0.9960846304893494,0.0
tess2022190063128,confirmed_planet,,0.5583875,1.0989745110273361,1.0,0.008900284767150879
tess2024223182411,confirmed_planet,,0.601069,1.1624058336019516,1.0,0.01986604928970337
tess2024003055635,confirmed_planet,,0.59127885,1.4334087371826172,1.0,0.0
tess2024223182411,confirmed_planet,,0.62522167,1.2508721053600311,1.0,0.0
tess2024223182411,confirmed_planet,,0.6041008,1.5623126029968262,1.0,0.0
tess2024223182411,confirmed_planet,,0.65224016,1.1624081283807755,1.0,0.07103610038757324
tess2024058030222,confirmed_planet,,0.56495357,1.468739628791809,1.0,0.0
tess2024170053053,confirmed_planet,,0.5606528,1.1616493463516235,1.0,0.0
tess2024249191853,confirmed_planet,,0.5732157,1.293106734752655,1.0,0.0
tess2024170053053,confirmed_planet,,0.5301321,1.2822826504707336,1.0,0.0
tess2024196212429,confirmed_planet,,0.5790799,1.1985320746898651,1.0,0.0
tess2024170053053,confirmed_planet,,0.5672437,1.4180720150470734,1.0,0.0
tess2024223182411,confirmed_planet,,0.6039013,1.2669908702373505,1.0,0.0
tess2024030031500,confirmed_planet,,0.58641803,1.3594354689121246,1.0,0.0
tess2024196212429,confirmed_planet,,0.593447,1.446860909461975,1.0,0.0
tess2024196212429,confirmed_planet,,0.61349106,1.1481681168079376,1.0,0.03940701484680176
tess2024030031500,confirmed_planet,,0.60907745,1.4586355686187744,1.0,0.0
tess2024003055635,confirmed_planet,,0.5740489,1.3405909836292267,1.0,0.0
tess2024003055635,confirmed_planet,,0.5622308,1.3001424670219421,1.0,0.0
tess2024249191853,confirmed_planet,,0.61043847,1.511068046092987,1.0,0.0
tess2024030031500,confirmed_planet,,0.36440808,1.4082889258861542,1.0,0.0
tess2024003055635,confirmed_planet,,0.5862537,1.4068161845207214,1.0,0.0
tess2024196212429,confirmed_planet,,0.6272324,1.0517981089651585,1.0,0.10133332014083862
tess2024196212429,confirmed_planet,,0.6006339,1.2766935527324677,1.0,0.0
tess2022164095748,confirmed_planet,,0.5688986,1.428285390138626,1.0,0.0
tess2024196212429,confirmed_planet,,0.58986825,1.3118922412395477,1.0,0.0
tess2021175071901,confirmed_planet,,0.6128317,1.1683168411254883,1.0,0.028673291206359863
tess2024223182411,confirmed_planet,,0.59218746,1.4555277526378632,1.0,0.0
tess2024223182411,confirmed_planet,,0.6195133,1.4386343955993652,1.0,0.0
tess2024196212429,confirmed_planet,,0.57918894,1.0436134710907936,1.0,0.05738222599029541
tess2024223182411,confirmed_planet,,0.58724296,1.045847613364458,1.0,0.06431913375854492
tess2021204101404,confirmed_planet,,0.57854545,1.2063157260417938,1.0,0.0
tess2024196212429,confirmed_planet,,0.58810055,1.2087284326553345,1.0,0.0
tess2022190063128,confirmed_planet,,0.5529821,1.0543385483324528,1.0,0.025812804698944092
tess2024196212429,confirmed_planet,,0.5952899,1.1316699832677841,1.0,0.02945488691329956
tess2024196212429,confirmed_planet,,0.58498317,1.3084775805473328,1.0,0.0
tess2024170053053,confirmed_planet,,0.5506801,1.3320679366588593,1.0,0.0
tess2024223182411,confirmed_planet,,0.57910126,1.352419137954712,1.0,0.0
tess2024223182411,confirmed_planet,,0.5896963,1.2798135578632355,1.0,0.0
tess2024058030222,confirmed_planet,,0.5468115,1.1528378427028656,1.0,0.0
tess2024196212429,confirmed_planet,,0.6023879,1.2985829412937164,1.0,0.0
tess2024223182411,confirmed_planet,,0.60893184,1.3960156440734863,1.0,0.0
tess2024030031500,confirmed_planet,,0.58576155,1.0483702160418034,1.0,0.06157642602920532
tess2021204101404,confirmed_planet,,0.488297,1.3161307275295258,1.0,0.0
tess2024003055635,confirmed_planet,,0.5915697,1.2184771746397018,1.0,0.0
tess2024058030222,confirmed_planet,,0.5610957,1.2052727788686752,1.0,0.0
tess2024003055635,confirmed_planet,,0.4711674,1.2469505369663239,1.0,0.0
tess2021204101404,confirmed_planet,,0.45400292,1.3069837987422943,1.0,0.0
tess2024058030222,confirmed_planet,,0.5838452,1.2295088469982147,1.0,0.0
tess2024196212429,confirmed_planet,,0.6007133,1.3676247894763947,1.0,0.0
tess2022217014003,confirmed_planet,,0.5941355,1.3301800191402435,1.0,0.0
tess2024196212429,confirmed_planet,,0.41992277,1.3958683013916016,1.0,0.0
tess2024223182411,confirmed_planet,,0.57093745,1.383823037147522,1.0,0.0
tess2024030031500,confirmed_planet,,0.5851994,1.1033425703644753,1.0,0.033528149127960205
tess2024223182411,confirmed_planet,,0.5847758,1.2617689371109009,1.0,0.0
tess2024170053053,confirmed_planet,,0.5864736,1.074365220963955,1.0,0.04929095506668091
tess2024196212429,confirmed_planet,,0.5948572,1.2959015667438507,1.0,0.0
tess2024196212429,confirmed_planet,,0.61506563,1.2728911638259888,1.0,0.0
tess2023341045131,confirmed_planet,,0.58276576,1.2066746652126312,1.0,0.0
tess2021204101404,confirmed_planet,,0.5809679,1.170852705836296,1.0,0.0
tess2022164095748,confirmed_planet,,0.6165293,1.2049896717071533,1.0,0.014034450054168701
tess2024170053053,confirmed_planet,,0.5469812,1.14035202562809,1.0,0.0
tess2024003055635,confirmed_planet,,0.59292084,0.9941747412085533,1.0,0.09583348035812378
tess2024196212429,confirmed_planet,,0.5847258,1.0802935883402824,1.0,0.04457902908325195
tess2022190063128,confirmed_planet,,0.57391816,1.1950883120298386,1.0,0.0
tess2024196212429,confirmed_planet,,0.55474454,1.1136364489793777,1.0,0.0
tess2024223182411,confirmed_planet,,0.60219103,1.2656039893627167,1.0,0.0
tess2021175071901,confirmed_planet,,0.5806925,1.2089152485132217,1.0,0.0
tess2022217014003,confirmed_planet,,0.60288143,1.399642139673233,1.0,0.0
tess2024003055635,confirmed_planet,,0.5530132,1.2634661197662354,1.0,0.0
tess2024223182411,confirmed_planet,,0.58384496,1.1615354418754578,1.0,0.003077208995819092
tess2024170053053,confirmed_planet,,0.50749695,1.133869081735611,1.0,0.0
tess2024003055635,confirmed_planet,,0.5709519,1.29202139377594,1.0,0.0
tess2024170053053,confirmed_planet,,0.5711792,1.2531701624393463,1.0,0.0
tess2024196212429,confirmed_planet,,0.57594776,1.3672634661197662,1.0,0.0
tess2024170053053,confirmed_planet,,0.56000435,1.3579175770282745,1.0,0.0
tess2022190063128,confirmed_planet,,0.5705403,1.3005566000938416,1.0,0.0
tess2024196212429,confirmed_planet,,0.6281158,1.2299307137727737,1.0,0.013150393962860107
tess2024223182411,confirmed_planet,,0.58176553,1.1175223737955093,1.0,0.023004353046417236
tess2022217014003,confirmed_planet,,0.5820728,1.3859053552150726,1.0,0.0
tess2024196212429,confirmed_planet,,0.61988544,1.4163947403430939,1.0,0.0
tess2024196212429,confirmed_planet,,0.60997236,1.1815447956323624,1.0,0.01919996738433838
tess2022164095748,confirmed_planet,,0.5845872,1.3215588629245758,1.0,0.0
tess2022217014003,confirmed_planet,,0.6014804,1.2336470037698746,1.0,0.0
tess2021175071901,confirmed_planet,,0.5982126,1.3037491142749786,1.0,0.0
tess2024030031500,confirmed_planet,,0.58595157,1.294130027294159,1.0,0.0
tess2022217014003,confirmed_planet,,0.6113568,1.3457306623458862,1.0,0.0
tess2024223182411,confirmed_planet,,0.5942689,1.0437468886375427,1.0,0.0723954439163208
tess2024170053053,confirmed_planet,,0.5500889,1.029196733608842,1.0,0.03549051284790039
tess2024170053053,confirmed_planet,,0.5564235,1.328648179769516,1.0,0.0
tess2024030031500,confirmed_planet,,0.56396425,1.3577680885791779,1.0,0.0
tess2024196212429,confirmed_planet,,0.60356575,1.1851037591695786,1.0,0.01101386547088623
tess2019198215352,confirmed_planet,,0.6044741,1.4775775074958801,1.0,0.0
tess2024196212429,confirmed_planet,,0.5935591,1.2118637263774872,1.0,0.0
tess2024196212429,confirmed_planet,,0.5860172,1.2945123314857483,1.0,0.0
tess2019198215352,confirmed_planet,,0.59763813,1.0615084804594517,1.0,0.0668838620185852
tess2024223182411,confirmed_planet,,0.60059804,1.4495706260204315,1.0,0.0
tess2019198215352,confirmed_planet,,0.5761167,1.2499572187662125,1.0,0.0
tess2024196212429,confirmed_planet,,0.54960865,1.344583511352539,1.0,0.0
tess2024003055635,confirmed_planet,,0.59637976,1.1237802281975746,1.0,0.03448963165283203
tess2024030031500,confirmed_planet,,0.56796086,1.2700383365154266,1.0,0.0
tess2021204101404,confirmed_planet,,0.35084546,1.4462895393371582,1.0,0.0
tess2024003055635,confirmed_planet,,0.55155593,1.1504267156124115,1.0,0.0
tess2021204101404,confirmed_planet,,0.5664026,1.6420543193817139,1.0,0.0
tess2024223182411,confirmed_planet,,0.5641857,1.3279874622821808,1.0,0.0
tess2024223182411,confirmed_planet,,0.5783858,1.2230677157640457,1.0,0.0
tess2022190063128,confirmed_planet,,0.5677659,1.1344478279352188,1.0,0.000541985034942627
tess2024223182411,confirmed_planet,,0.5792256,1.4356312453746796,1.0,0.0
tess2024058030222,confirmed_planet,,0.5473406,1.1913385838270187,1.0,0.0
tess2024223182411,confirmed_planet,,0.5920834,1.318652868270874,1.0,0.0
tess2024223182411,confirmed_planet,,0.5940178,1.2900359332561493,1.0,0.0
tess2024223182411,confirmed_planet,,0.5928557,1.3098989129066467,1.0,0.0
tess2024223182411,confirmed_planet,,0.59467304,1.1554013639688492,1.0,0.016972362995147705
tess2024223182411,confirmed_planet,,0.5851612,0.9647939689457417,1.0,0.10276421904563904
tess2024196212429,confirmed_planet,,0.5807313,1.275914877653122,1.0,0.0
tess2021204101404,confirmed_planet,,0.580143,1.2718088030815125,1.0,0.0
tess2024196212429,confirmed_planet,,0.5988548,1.2432228475809097,1.0,0.0
tess2024003055635,confirmed_planet,,0.45085895,1.4383938312530518,1.0,0.0
tess2024249191853,confirmed_planet,,0.58878016,1.150309219956398,1.0,0.013625562191009521
tess2024030031500,confirmed_planet,,0.5843333,1.2619885504245758,1.0,0.0
tess2024196212429,confirmed_planet,,0.47407305,1.5919721722602844,1.0,0.0
tess2024196212429,confirmed_planet,,0.6471961,1.0450357981026173,1.0,0.12467819452285767
tess2024030031500,confirmed_planet,,0.60101134,1.2854122519493103,1.0,0.0
tess2024223182411,confirmed_planet,,0.5772971,1.198573186993599,1.0,0.0
tess2024003055635,confirmed_planet,,0.6159758,1.3563531041145325,1.0,0.0
tess2024003055635,confirmed_planet,,0.5704502,1.2106856554746628,1.0,0.0
tess2024170053053,confirmed_planet,,0.57549983,1.3638243973255157,1.0,0.0
tess2021175071901,confirmed_planet,,0.58080035,0.9860368659719825,1.0,0.08778193593025208
tess2024170053053,confirmed_planet,,0.54134923,1.4036654233932495,1.0,0.0
tess2024003055635,confirmed_planet,,0.46500778,1.387352466583252,1.0,0.0
tess2024223182411,confirmed_planet,,0.59708846,1.405653327703476,1.0,0.0
tess2024196212429,confirmed_planet,,0.63282317,1.35097336769104,1.0,0.0
tess2024003055635,confirmed_planet,,0.59636235,1.0128339538350701,1.0,0.08994537591934204
tess2024003055635,confirmed_planet,,0.58442914,1.1984282732009888,1.0,0.0
tess2024223182411,confirmed_planet,,0.5842419,1.2656521201133728,1.0,0.0
tess2024223182411,confirmed_planet,,0.5938483,1.0462030544877052,1.0,0.0707467794418335
tess2024170053053,confirmed_planet,,0.5568873,1.3234341442584991,1.0,0.0
tess2022190063128,confirmed_planet,,0.5774203,1.2942509949207306,1.0,0.0
tess2024223182411,confirmed_planet,,0.57292515,1.532127559185028,1.0,0.0
tess2024003055635,confirmed_planet,,0.58499795,1.4151515066623688,1.0,0.0
tess2024196212429,confirmed_planet,,0.5938833,1.2630873918533325,1.0,0.0
tess2021175071901,confirmed_planet,,0.5634156,1.042981319129467,1.0,0.04192495346069336
tess2024196212429,confirmed_planet,,0.61825705,1.1955114006996155,1.0,0.020501375198364258
tess2024030031500,confirmed_planet,,0.605188,1.1985679864883423,1.0,0.005904018878936768
tess2024170053053,confirmed_planet,,0.5804824,1.534907042980194,1.0,0.0
tess2024223182411,confirmed_planet,,0.6186292,1.0943553373217583,1.0,0.07145154476165771
tess2022190063128,confirmed_planet,,0.5855145,1.087123617529869,1.0,0.041952669620513916
tess2024170053053,confirmed_planet,,0.59337264,1.042735580354929,1.0,0.07200485467910767
tess2024170053053,confirmed_planet,,0.56513333,1.384876698255539,1.0,0.0
tess2021204101404,confirmed_planet,,0.55892056,1.3039796948432922,1.0,0.0
tess2021175071901,confirmed_planet,,0.5787453,1.139378860592842,1.0,0.009055852890014648
tess2022217014003,confirmed_planet,,0.5661852,1.2516818940639496,1.0,0.0
tess2024170053053,confirmed_planet,,0.5647854,1.218214511871338,1.0,0.0
tess2024170053053,confirmed_planet,,0.55606735,1.3533868193626404,1.0,0.0
tess2024196212429,confirmed_planet,,0.5993011,1.419884741306305,1.0,0.0
tess2024030031500,confirmed_planet,,0.5558479,1.1989285796880722,1.0,0.0
tess2024196212429,confirmed_planet,,0.58318,0.9576628282666206,1.0,0.10434859991073608
tess2024030031500,confirmed_planet,,0.60058063,1.4005115032196045,1.0,0.0
tess2024223182411,confirmed_planet,,0.57955956,1.3558443486690521,1.0,0.0
tess2024003055635,confirmed_planet,,0.58910894,1.2290237843990326,1.0,0.0
tess2024223182411,confirmed_planet,,0.6125604,1.3453215062618256,1.0,0.0
tess2024196212429,confirmed_planet,,0.59461796,1.3923308551311493,1.0,0.0
tess2024003055635,confirmed_planet,,0.5709687,1.253024160861969,1.0,0.0
tess2024196212429,confirmed_planet,,0.6242711,1.3243269324302673,1.0,0.0
tess2024058030222,confirmed_planet,,0.56580496,0.8970677331089973,1.0,0.11727109551429749
tess2024223182411,confirmed_planet,,0.5950105,1.4115850925445557,1.0,0.0
tess2024030031500,confirmed_planet,,0.56762046,1.1582545787096024,1.0,0.0
tess2024003055635,confirmed_planet,,0.59827936,1.3136791288852692,1.0,0.0
tess2024196212429,confirmed_planet,,0.589438,1.6095975637435913,1.0,0.0
tess2024030031500,confirmed_planet,,0.57639915,1.2252728641033173,1.0,0.0
tess2024223182411,confirmed_planet,,0.5488268,1.324447900056839,1.0,0.0
tess2024003055635,confirmed_planet,,0.5977458,1.295650690793991,1.0,0.0
tess2024170053053,confirmed_planet,,0.54693323,1.2436445951461792,1.0,0.0
tess2024196212429,confirmed_planet,,0.57731897,1.1457632631063461,1.0,0.0044373273849487305
tess2024003055635,confirmed_planet,,0.57781565,1.335490733385086,1.0,0.0
tess2021204101404,confirmed_planet,,0.57644826,1.2623563706874847,1.0,0.0
tess2024030031500,confirmed_planet,,0.5744416,1.2296511232852936,1.0,0.0
tess2024223182411,confirmed_planet,,0.5956514,1.1478712111711502,1.0,0.021715760231018066
tess2024196212429,confirmed_planet,,0.5138246,0.9310539215803146,0.9793515205383301,0.048297613859176636
tess2021204101404,confirmed_planet,,0.58616155,1.2204743325710297,1.0,0.0
tess2022190063128,confirmed_planet,,0.5703526,1.2914684116840363,1.0,0.0
tess2022217014003,confirmed_planet,,0.59289074,1.1769197285175323,1.0,0.004430890083312988
tess2024030031500,confirmed_planet,,0.61682254,1.2173216938972473,1.0,0.008161723613739014
tess2022164095748,confirmed_planet,,0.62899023,1.1484560370445251,1.0,0.054762184619903564
tess2024223182411,confirmed_planet,,0.58670235,1.2742186188697815,1.0,0.0
tess2021204101404,confirmed_planet,,0.5711474,1.2648251354694366,1.0,0.0
tess2024223182411,confirmed_planet,,0.57037985,1.1673200726509094,1.0,0.0
tess2024003055635,confirmed_planet,,0.572909,1.1464101672172546,1.0,0.0
tess2024223182411,confirmed_planet,,0.5619589,1.048902414739132,1.0,0.037507712841033936
tess2024196212429,confirmed_planet,,0.60608596,1.2603864669799805,1.0,0.0
tess2024030031500,confirmed_planet,,0.56180346,1.4989868104457855,1.0,0.0
tess2024170053053,confirmed_planet,,0.55800164,1.088343434035778,1.0,0.013829946517944336
tess2024003055635,confirmed_planet,,0.55647045,1.1923418194055557,1.0,0.0
tess2024223182411,confirmed_planet,,0.58570844,1.374918282032013,1.0,0.0
tess2024003055635,confirmed_planet,,0.47485954,1.433558613061905,1.0,0.0
tess2024030031500,confirmed_planet,,0.5631792,1.2121554166078568,1.0,0.0
tess2024003055635,confirmed_planet,,0.54902136,1.4860204756259918,1.0,0.0
tess2022217014003,confirmed_planet,,0.54925746,1.3892820477485657,1.0,0.0
tess2024223182411,confirmed_planet,,0.6052301,1.1534617990255356,1.0,0.028499186038970947
tess2024223182411,confirmed_planet,,0.61211115,1.4640287160873413,1.0,0.0
tess2022190063128,confirmed_planet,,0.54089445,1.170337274670601,1.0,0.0
tess2024003055635,confirmed_planet,,0.60849094,1.2472914457321167,1.0,0.0
tess2024196212429,confirmed_planet,,0.61086684,1.3198191225528717,1.0,0.0
tess2022190063128,confirmed_planet,,0.58017284,1.287151038646698,1.0,0.0
tess2024223182411,confirmed_planet,,0.5485281,1.235509604215622,1.0,0.0
tess2022190063128,confirmed_planet,,0.572472,1.1944682449102402,1.0,0.0
tess2024196212429,confirmed_planet,,0.59766936,1.2969508469104767,1.0,0.0
tess2024003055635,confirmed_planet,,0.56838125,1.2895879447460175,1.0,0.0
tess2024030031500,confirmed_planet,,0.5871319,0.9714613817632198,1.0,0.10140123963356018
tess2024003055635,confirmed_planet,,0.54613686,1.2106841206550598,1.0,0.0
tess2024196212429,confirmed_planet,,0.62320846,1.472147911787033,1.0,0.0
tess2024058030222,confirmed_planet,,0.5644388,1.4633178412914276,1.0,0.0
tess2024223182411,confirmed_planet,,0.58328646,1.368166297674179,1.0,0.0
tess2024170053053,confirmed_planet,,0.564959,1.1429174989461899,1.0,0.0
tess2024196212429,confirmed_planet,,0.61085683,1.3519820272922516,1.0,0.0
tess2024196212429,confirmed_planet,,0.42366222,1.2028741836547852,1.0,0.0
tess2024003055635,confirmed_planet,,0.56182384,1.084997572004795,1.0,0.019325077533721924
tess2021204101404,confirmed_planet,,0.5732169,1.5433232188224792,1.0,0.0
tess2022190063128,confirmed_planet,,0.57485735,1.3325068354606628,1.0,0.0
tess2024170053053,confirmed_planet,,0.5086959,1.4941542446613312,1.0,0.0
tess2022217014003,confirmed_planet,,0.47375223,1.2936069667339325,1.0,0.0
tess2024196212429,confirmed_planet,,0.59959024,1.1163213104009628,1.0,0.04142957925796509
tess2024058030222,confirmed_planet,,0.57460463,1.5223901867866516,1.0,0.0
tess2024030031500,confirmed_planet,,0.56679386,1.0083494940772653,1.0,0.06261909008026123
tess2024170053053,confirmed_planet,,0.59451896,1.4148662686347961,1.0,0.0
tess2024030031500,confirmed_planet,,0.5543002,1.2747114598751068,1.0,0.0
tess2024170053053,confirmed_planet,,0.60049814,1.1693017184734344,1.0,0.01584726572036743
tess2024196212429,confirmed_planet,,0.60674727,1.4250358641147614,1.0,0.0
tess2024170053053,confirmed_planet,,0.42731357,1.3167733550071716,1.0,0.0
tess2024003055635,confirmed_planet,,0.5919737,1.2185285538434982,1.0,0.0
tess2024223182411,confirmed_planet,,0.59501815,1.2600426077842712,1.0,0.0
tess2024003055635,confirmed_planet,,0.58526677,1.280783474445343,1.0,0.0
tess2024003055635,confirmed_planet,,0.5827875,1.185535505414009,1.0,0.0
tess2024223182411,confirmed_planet,,0.35658357,1.1462004035711288,0.9296838045120239,0.0
tess2024196212429,confirmed_planet,,0.6038016,0.8862921223044395,1.0,0.16065555810928345
