target_id,p_joint,p_1d,p_2d,disagreement_1d,disagreement_2d
2854914,0.14202571,4.840015e-11,0.9999981,0.14202571,0.8579724
4741126,0.16853125,6.3213106e-06,1.0,0.16852494,0.83146876
5689351,0.0475979,0.0029313595,1.0,0.04466654,0.9524021
3239945,0.0941995,0.15204184,1.0,0.057842337,0.9058005
7503885,0.25786462,0.98154473,1.0,0.72368014,0.7421354
8151055,0.23816918,0.1055591,1.0,0.13261008,0.7618308
2975770,0.07123126,0.0073707635,0.99999917,0.0638605,0.9287679
8804397,0.19633582,2.3019088e-06,0.9999221,0.19633353,0.80358624
8962094,0.08295569,1.0354728e-16,1.0,0.08295569,0.9170443
11450414,0.16500029,0.061940648,1.0,0.10305964,0.8349997
5445681,0.1388072,0.86373997,1.0,0.7249328,0.8611928
9881662,0.11636321,3.782652e-11,1.0,0.11636321,0.8836368
3661886,0.15663575,0.9702213,0.9999992,0.8135855,0.84336346
2439243,0.38091037,0.9998814,0.99999875,0.618971,0.6190884
6037581,0.10399948,5.188177e-13,1.0,0.10399948,0.8960005
7731281,0.3648789,1.0,0.9999997,0.6351211,0.6351208
7303253,0.1492211,1.2220474e-05,1.0,0.14920889,0.8507789
4644952,0.063841246,9.4100176e-07,0.99997777,0.06384031,0.93613654
3749978,0.22911638,1.0,0.99999166,0.7708836,0.7708753
4370527,0.11655552,5.6026413e-11,0.9999992,0.11655552,0.8834437
6774880,0.19037232,4.1803852e-10,0.9360803,0.19037232,0.745708
9334893,0.10095242,3.813337e-07,0.99998456,0.10095204,0.8990321
12068975,0.1778377,2.0156162e-07,1.0,0.17783749,0.8221623
7303287,0.06087907,9.988112e-11,0.99999994,0.06087907,0.9391209
11403389,0.12695321,4.729535e-12,0.99653137,0.12695321,0.8695781
7211141,0.23171383,0.007528674,0.99964505,0.22418515,0.7679312
6041734,0.07737564,2.5611798e-06,1.0,0.07737308,0.92262435
9992325,0.10397628,0.0017107553,1.0,0.10226552,0.89602375
4833421,0.066093415,2.7173558e-10,1.0,0.066093415,0.93390656
5865654,0.1419444,1.0164253e-09,0.9999833,0.1419444,0.8580389
9101496,0.15333886,2.7122083e-14,0.99867994,0.15333886,0.8453411
9451706,0.09934695,8.362285e-11,1.0,0.09934695,0.90065306
9578686,0.13696447,1.2168817e-10,0.9999992,0.13696447,0.8630347
6869184,0.112627804,2.3257728e-13,0.99834853,0.112627804,0.88572073
5480640,0.13606328,2.2173177e-09,1.0,0.13606328,0.8639367
12302530,0.06872454,7.425561e-12,1.0,0.06872454,0.9312755
9654468,0.12278046,2.0856625e-11,0.99999845,0.12278046,0.877218
7047363,0.13918588,4.529365e-08,1.0,0.13918583,0.8608141
6949061,0.11459468,2.52241e-07,1.0,0.11459443,0.8854053
11622600,0.12615427,7.0670314e-15,1.0,0.12615427,0.8738457
5021899,0.22357373,0.00022489703,1.0,0.22334883,0.77642626
6383821,0.11517254,1.34050615e-05,1.0,0.11515914,0.88482744
8554701,0.23786633,0.64445955,1.0,0.4065932,0.76213366
8409295,0.1393838,0.8041605,1.0,0.6647767,0.8606162
6521045,0.15046048,1.5519917e-11,1.0,0.15046048,0.8495395
8022244,0.077795774,2.6894533e-15,1.0,0.077795774,0.92220426
12206313,0.04642908,2.853635e-26,1.0,0.04642908,0.9535709
4049131,0.044976518,1.3507092e-09,1.0,0.044976518,0.95502347
5791986,0.21396509,2.7644323e-13,0.92314494,0.21396509,0.7091799
2165002,0.13226148,1.0350276e-05,0.9983439,0.13225113,0.86608243
9955598,0.14177883,3.403689e-10,1.0,0.14177883,0.8582212
3942670,0.24831492,0.11044057,0.9963854,0.13787435,0.7480705
8552719,0.10623779,1.6605578e-13,1.0,0.10623779,0.89376223
8478994,0.10845922,3.992774e-13,1.0,0.10845922,0.89154077
3629330,0.1282394,2.3340838e-06,0.9946546,0.12823705,0.8664152
6381846,0.16079208,3.8025832e-10,0.99396425,0.16079208,0.8331722
7549209,0.18092619,1.0,1.0,0.8190738,0.8190738
9945370,0.09931961,6.350129e-25,0.9999998,0.09931961,0.9006802
8120608,0.056647457,4.4132747e-08,1.0,0.056647412,0.9433525
11444514,0.11011937,4.702967e-10,1.0,0.11011937,0.88988066
8380709,0.23595889,1.2650617e-05,1.0,0.23594624,0.7640411
8956206,0.065737434,4.360363e-06,0.9958619,0.065733075,0.93012446
9718066,0.1501595,1.8941628e-11,0.99999976,0.1501595,0.8498403
12058931,0.111556515,6.3722594e-10,1.0,0.111556515,0.88844347
5474613,0.16716856,0.0031382842,1.0,0.16403027,0.83283144
4645174,0.12299317,7.6435384e-07,1.0,0.122992404,0.8770068
9027909,0.25529292,0.99965173,0.99999833,0.7443588,0.74470544
5966154,0.13576803,3.9754164e-10,1.0,0.13576803,0.86423194
11768142,0.067289926,1.1939574e-06,1.0,0.067288734,0.93271005
5009743,0.14323457,0.00037677865,1.0,0.14285779,0.85676545
9517393,0.1296077,0.98177224,1.0,0.8521645,0.8703923
6103377,0.056832682,1.2178126e-06,1.0,0.056831464,0.9431673
8247638,0.06586941,4.9583142e-24,0.99999917,0.06586941,0.9341298
8866137,0.10653538,9.4105496e-14,0.72647774,0.10653538,0.61994237
9662811,0.14060794,2.9883204e-11,1.0,0.14060794,0.85939205
12314973,0.08791461,9.45999e-13,1.0,0.08791461,0.9120854
9818462,0.11650832,7.91747e-17,1.0,0.11650832,0.8834917
5972334,0.05647331,5.028872e-16,0.999995,0.05647331,0.9435217
6185331,0.1357508,0.008393036,1.0,0.12735777,0.8642492
6105462,0.15962052,2.5475113e-06,1.0,0.15961798,0.8403795
8802693,0.06354962,1.0230834e-05,1.0,0.06353939,0.93645036
9605514,0.12857641,4.3226974e-05,0.9999996,0.12853318,0.8714232
4544907,0.19559087,1.0,1.0,0.80440915,0.80440915
11657614,0.10767899,0.0003787271,0.99999976,0.10730026,0.89232075
6803855,0.2415992,0.0023336702,0.9991473,0.23926553,0.7575481
7033233,0.10215755,1.1097231e-08,0.9969313,0.10215754,0.8947738
11614617,0.2055762,0.015609886,0.99999976,0.1899663,0.7944236
6941084,0.17770548,1.0568274e-22,0.9999988,0.17770548,0.82229334
8890783,0.0421744,2.4628535e-09,1.0,0.042174395,0.9578256
6191521,0.11810593,3.9894194e-06,1.0,0.11810195,0.88189405
9597345,0.24805827,0.0033878086,1.0,0.24467047,0.75194174
11860395,0.19523035,6.4856886e-07,1.0,0.1952297,0.80476964
12403119,0.116322115,6.785576e-14,1.0,0.116322115,0.8836779
3656121,0.12753646,4.961402e-15,1.0,0.12753646,0.8724635
9015738,0.0998851,2.987977e-08,1.0,0.09988507,0.9001149
8280511,0.22584137,8.0741036e-10,0.99999994,0.22584137,0.7741586
5374403,0.14882162,1.1778935e-05,0.9999994,0.14880985,0.8511778
9884104,0.08628647,1.2445773e-07,1.0,0.08628634,0.9137135
5792202,0.053800907,6.475222e-06,1.0,0.053794432,0.9461991
6922710,0.050843854,1.8232679e-10,1.0,0.050843854,0.94915617
6615511,0.2335605,0.0005243624,0.99999976,0.23303615,0.76643926
5128673,0.1110051,0.0028105916,1.0,0.10819451,0.88899493
11497958,0.14928421,1.1273872e-07,1.0,0.1492841,0.85071576
8292840,0.13570434,2.2289358e-13,1.0,0.13570434,0.86429566
7825899,0.050453328,7.145027e-09,1.0,0.05045332,0.9495467
5966322,0.17899731,6.425984e-11,1.0,0.17899731,0.8210027
7375348,0.097015284,7.445434e-11,1.0,0.097015284,0.90298474
12020218,0.16153903,3.096941e-07,1.0,0.16153872,0.838461
6932987,0.10302403,2.4317242e-09,0.9999998,0.10302403,0.8969758
3559935,0.16742358,4.8376476e-09,0.99999714,0.16742358,0.83257353
5880320,0.09907805,0.13691159,0.99999666,0.037833534,0.9009186
8630788,0.15083499,7.3270674e-11,0.99999976,0.15083499,0.8491648
12116489,0.1556532,2.4991468e-14,0.99999726,0.1556532,0.8443441
9406990,0.12040237,7.768667e-11,1.0,0.12040237,0.8795976
8583696,0.18794973,0.9940898,1.0,0.80614007,0.8120503
8008206,0.18705188,6.2999246e-12,0.9993109,0.18705188,0.812259
4454934,0.12641428,0.07321046,1.0,0.05320382,0.8735857
6347299,0.1479489,1.9856203e-09,0.9999986,0.1479489,0.8520497
11401767,0.08341673,4.7821273e-20,1.0,0.08341673,0.9165833
7455287,0.09779729,2.4920299e-05,1.0,0.09777237,0.9022027
12470844,0.14786467,1.8009585e-09,1.0,0.14786467,0.8521353
9466429,0.14903231,9.268471e-10,0.99999964,0.14903231,0.85096735
8505920,0.096022,0.00074135285,1.0,0.09528065,0.903978
8424002,0.10282858,4.74274e-09,1.0,0.10282857,0.89717144
9701962,0.124837734,0.56319964,0.99999994,0.4383619,0.8751622
5794379,0.14068884,3.162763e-10,0.9999994,0.14068884,0.85931057
8561231,0.13460642,1.3092653e-08,1.0,0.1346064,0.8653936
8745553,0.23230009,1.3641308e-07,1.0,0.23229995,0.7676999
2302548,0.046099864,1.8350836e-05,1.0,0.046081513,0.95390016
7690844,0.08650753,0.99999946,1.0,0.91349196,0.91349244
7522911,0.11481337,5.0231765e-09,1.0,0.114813365,0.8851866
6541920,0.11210846,7.772658e-06,1.0,0.11210069,0.88789153
11760231,0.119924955,3.135623e-07,1.0,0.11992464,0.88007504
11442793,0.057613183,7.6296543e-13,1.0,0.057613183,0.9423868
9896558,0.19060948,0.001807344,1.0,0.18880214,0.80939054
7131760,0.11663818,7.943402e-08,0.99839175,0.1166381,0.88175356
7219825,0.16455425,0.0005481353,1.0,0.16400611,0.83544576
9011825,0.051320095,6.126287e-09,1.0,0.051320087,0.9486799
9650808,0.26631388,0.025153339,0.998192,0.24116054,0.73187816
7119481,0.11152733,0.00013344864,1.0,0.111393884,0.8884727
7434875,0.15591387,3.108404e-07,0.99612993,0.15591356,0.84021604
6587002,0.1631052,1.662315e-11,0.9999997,0.1631052,0.8368945
6707835,0.041356947,1.1581235e-15,1.0,0.041356947,0.9586431
9085563,0.3163871,1.0,1.0,0.68361294,0.68361294
9349757,0.13669105,4.80556e-17,0.9985287,0.13669105,0.8618377
8219268,0.030512022,9.4934247e-14,1.0,0.030512022,0.96948797
3859079,0.15843783,1.6272135e-05,1.0,0.15842156,0.84156215
9663113,0.10027551,6.933348e-05,1.0,0.100206174,0.8997245
7373451,0.11740885,1.1652238e-13,1.0,0.11740885,0.8825911
7047824,0.088766016,0.6280822,0.9999999,0.5393162,0.91123384
5438099,0.0916043,1.0,1.0,0.9083957,0.9083957
9886361,0.08895472,1.7595886e-20,1.0,0.08895472,0.9110453
3832474,0.018292343,2.731193e-10,1.0,0.018292343,0.98170763
4815520,0.07935124,4.051826e-12,1.0,0.07935124,0.92064875
5358241,0.14899915,0.00023818896,1.0,0.14876096,0.85100085
4545187,0.13660721,0.9547217,1.0,0.81811446,0.8633928
6619815,0.18181747,0.9999916,1.0,0.8181741,0.8181825
7951018,0.16535486,4.458897e-08,0.9963218,0.16535482,0.83096695
4178606,0.111819476,1.4472205e-10,1.0,0.111819476,0.8881805
8110767,0.13601726,3.168425e-11,0.00016202248,0.13601726,0.13585524
4262581,0.19086842,0.0011956892,0.9999997,0.18967274,0.80913126
11709124,0.11094185,1.212474e-08,1.0,0.110941835,0.8890582
9022166,0.14504203,2.5280503e-11,1.0,0.14504203,0.85495794
8934103,0.083273865,1.527051e-14,0.9999948,0.083273865,0.9167209
6587105,0.102081366,6.452045e-26,1.0,0.102081366,0.89791864
8233702,0.13146971,7.287624e-11,1.0,0.13146971,0.8685303
8753896,0.1474728,5.2545307e-10,1.0,0.1474728,0.8525272
5956342,0.1440731,3.542309e-10,1.0,0.1440731,0.8559269
9710326,0.10224651,2.44064e-10,1.0,0.10224651,0.8977535
4813563,0.16273056,0.0017610202,0.99931556,0.16096954,0.836585
8168187,0.16957366,0.57259816,0.99999976,0.4030245,0.8304261
4254466,0.12193173,0.027799038,1.0,0.09413269,0.87806827
5456651,0.14934246,3.3535894e-08,0.9999999,0.14934243,0.8506574
6152974,0.07360929,1.9161324e-11,1.0,0.07360929,0.9263907
9589524,0.11366184,2.8999365e-09,0.9988302,0.11366184,0.8851684
8611832,0.1624339,0.044099316,1.0,0.11833459,0.8375661
8037145,0.124210395,3.763231e-10,0.9978576,0.124210395,0.87364715
6849310,0.18642458,0.9098209,1.0,0.7233963,0.8135754
7510820,0.14092311,3.217358e-14,0.99999934,0.14092311,0.85907626
3531558,0.18292385,9.112958e-12,1.0,0.18292385,0.81707615
3234598,0.15242824,1.8344531e-08,0.99999774,0.15242822,0.84756947
4139816,0.17887083,1.9676575e-11,0.99715954,0.17887083,0.8182887
8950568,0.10051178,3.436565e-11,0.99573344,0.10051178,0.89522165
6263593,0.08820699,0.00032836947,1.0,0.08787862,0.911793
8676148,0.1286885,3.4632505e-13,1.0,0.1286885,0.8713115
4770617,0.18116756,0.9756517,1.0,0.79448414,0.81883246
9347899,0.20096447,1.5535465e-11,0.9982702,0.20096447,0.79730576
11709244,0.12023822,3.642017e-15,0.99993634,0.12023822,0.8796981
8751933,0.14321792,2.172898e-08,0.99999964,0.1432179,0.8567817
4455231,0.05750506,1.2362243e-17,1.0,0.05750506,0.9424949
6265665,0.078702874,4.2106865e-07,1.0,0.07870245,0.92129713
9775938,0.056402046,5.308052e-09,1.0,0.056402043,0.943598
8047428,0.20371194,0.000119191674,1.0,0.20359275,0.7962881
8973129,0.18684825,0.003465203,1.0,0.18338305,0.8131517
5280587,0.102434166,7.543399e-13,1.0,0.102434166,0.89756584
3939150,0.101659514,6.010046e-11,1.0,0.101659514,0.89834046
9478990,0.08564386,3.120667e-14,1.0,0.08564386,0.9143561
5770074,0.058591668,1.6592606e-12,1.0,0.058591668,0.94140834
9941859,0.1446597,2.8303964e-07,1.0,0.14465941,0.8553403
11662184,0.19412467,0.2514734,0.9999998,0.05734873,0.8058752
6497146,0.16310754,1.1446378e-05,0.99865603,0.1630961,0.8355485
5374854,0.18615845,1.6574546e-08,0.9999934,0.18615843,0.8138349
9030537,0.1059071,0.0002537876,1.0,0.10565331,0.8940929
8395660,0.17710494,2.4126117e-09,1.0,0.17710494,0.82289505
3548044,0.15150784,0.00046571245,1.0,0.15104213,0.84849215
6587280,0.10184916,6.93771e-11,1.0,0.10184916,0.89815086
7512982,0.15357167,1.1652427e-11,0.9999959,0.15357167,0.8464242
8164257,0.1701346,2.14743e-13,0.99999964,0.1701346,0.82986504
3447722,0.017984098,4.1386462e-29,0.99998903,0.017984098,0.98200494
9757613,0.05780691,7.1520487e-09,0.99997574,0.0578069,0.94216883
4725681,0.09393538,3.4005969e-12,1.0,0.09393538,0.9060646
4656049,0.21587421,0.33995837,1.0,0.12408416,0.7841258
9458613,0.1717141,5.3070224e-08,0.99999994,0.17171404,0.8282858
3541946,0.050004896,4.9621077e-13,0.9999995,0.050004896,0.9499946
5561278,0.15230852,2.39683e-12,1.0,0.15230852,0.8476915
11754430,0.14158474,2.0636172e-08,1.0,0.14158472,0.85841525
7445445,0.10043237,1.7968231e-10,1.0,0.10043237,0.8995676
11455428,0.088647835,9.282417e-09,0.9999997,0.08864783,0.91135186
7742408,0.05159314,1.0499573e-12,1.0,0.05159314,0.9484069
11551692,0.10876298,3.7873462e-14,1.0,0.10876298,0.891237
9892816,0.13363373,0.00024511298,1.0,0.13338862,0.86636627
9962455,0.14482905,0.00010518556,1.0,0.14472386,0.85517097
8156120,0.1070656,1.7348495e-07,1.0,0.10706543,0.8929344
5202905,0.0459319,0.0017440708,1.0,0.044187833,0.9540681
3632089,0.12669618,2.8659342e-08,1.0,0.12669615,0.87330383
8121310,0.07577093,2.2990602e-07,1.0,0.0757707,0.9242291
3867615,0.09318062,1.1498423e-09,1.0,0.09318062,0.9068194
3642335,0.12727323,0.42441815,1.0,0.29714492,0.8727268
4633570,0.1677224,2.251567e-15,0.99996436,0.1677224,0.83224195
8805348,0.052626546,1.26458595e-08,1.0,0.052626535,0.94737345
6368230,0.19358286,1.0,0.99999994,0.8064171,0.8064171
9071593,0.108381905,5.5651785e-09,1.0,0.1083819,0.8916181
5780460,0.17203845,3.7584694e-05,1.0,0.17200087,0.82796156
8463346,0.12441291,3.7900958e-05,1.0,0.12437501,0.8755871
6786037,0.18655896,0.9991932,1.0,0.8126342,0.81344104
3662838,0.04350624,1.7599255e-11,1.0,0.04350624,0.95649374
7603200,0.10331778,6.0756586e-12,1.0,0.10331778,0.8966822
6345732,0.18724784,6.740211e-10,0.99979675,0.18724784,0.8125489
8367113,0.15409195,6.105954e-09,1.0,0.15409195,0.84590805
7115785,0.15401289,0.5283718,0.9988808,0.37435892,0.84486794
11774991,0.13829438,2.2680657e-12,1.0,0.13829438,0.8617056
7265298,0.31270993,0.054180812,0.9998078,0.25852913,0.68709785
3234843,0.20184955,7.9785306e-05,1.0,0.20176977,0.7981504
6878240,0.1580349,0.00016578076,0.9999999,0.15786913,0.84196496
9651234,0.14758347,1.3485764e-11,0.9999998,0.14758347,0.85241634
7109675,0.084505856,1.6500757e-13,1.0,0.084505856,0.91549414
7347246,0.1397253,0.99367046,1.0,0.85394514,0.8602747
5956656,0.126896,1.1738197e-11,1.0,0.126896,0.873104
2581554,0.064349085,4.420933e-08,1.0,0.06434904,0.93565094
4035640,0.03856912,8.0580376e-11,1.0,0.03856912,0.9614309
11754553,0.13710958,1.0519916e-09,0.9933063,0.13710958,0.8561967
8494142,0.10026915,9.80118e-12,1.0,0.10026915,0.89973086
6061119,0.07852359,2.1386694e-14,1.0,0.07852359,0.9214764
8950853,0.12095096,8.9951314e-08,1.0,0.12095087,0.87904906
5184584,0.11899338,2.5586072e-05,0.99999964,0.118967794,0.88100624
7515212,0.13535422,1.21899504e-11,1.0,0.13535422,0.8646458
7517261,0.14912431,8.645018e-21,0.99956733,0.14912431,0.850443
4072526,0.107235834,2.3849697e-15,1.0,0.107235834,0.89276415
5436502,0.11098917,9.461312e-08,1.0,0.11098907,0.88901085
9366617,0.16834791,1.5247862e-07,1.0,0.16834776,0.8316521
9761882,0.14679094,9.601804e-08,0.99999833,0.14679085,0.8532074
6937692,0.16294502,0.99991745,1.0,0.8369724,0.83705497
11773022,0.057642005,9.1065905e-10,1.0,0.057642005,0.942358
6435936,0.07733502,4.008212e-12,0.9917948,0.07733502,0.9144598
5022828,0.14020537,1.4746501e-10,1.0,0.14020537,0.8597946
7021681,0.16124777,8.5824986e-11,0.9971813,0.16124777,0.8359335
6429812,0.24182005,0.23549712,0.9999911,0.006322935,0.7581711
7269493,0.12809019,2.9382136e-13,1.0,0.12809019,0.8719098
8043638,0.16588227,5.0376237e-10,0.99999994,0.16588227,0.83411765
7955580,0.16962698,1.0055689e-09,0.9954657,0.16962698,0.8258387
2716801,0.3076672,0.99999946,1.0,0.69233227,0.6923328
6716545,0.13729753,0.026131047,0.9999947,0.11116648,0.8626972
9845898,0.128689,1.3406651e-10,1.0,0.128689,0.871311
12266636,0.11367081,1.3958464e-07,1.0,0.11367067,0.8863292
5096590,0.138815,5.7234715e-15,0.99999994,0.138815,0.86118495
11904151,0.06997581,4.8238263e-13,1.0,0.06997581,0.9300242
7212184,0.10089019,2.9777646e-06,1.0,0.10088721,0.89910984
8826007,0.14595541,1.6618833e-08,0.99999386,0.1459554,0.8540385
3247268,0.14402483,7.118318e-11,1.0,0.14402483,0.85597515
9225395,0.18398891,2.6314726e-07,0.99999946,0.18398865,0.81601053
2716853,0.23747255,0.828951,0.9999986,0.59147847,0.7625261
7287995,0.11536644,2.553362e-05,1.0,0.1153409,0.88463354
5526717,0.13051826,3.6144542e-11,1.0,0.13051826,0.86948174
9026749,0.21944064,0.015433489,0.9999994,0.20400715,0.78055876
6436029,0.11131956,0.47605345,0.9999889,0.36473387,0.8886694
2995392,0.16912742,0.9993367,1.0,0.8302093,0.8308726
6026438,0.098941244,2.5256165e-11,1.0,0.098941244,0.90105873
9839821,0.076300606,4.7310514e-05,1.0,0.076253295,0.9236994
11623629,0.14458217,9.17337e-15,1.0,0.14458217,0.85541785
3964109,0.21729387,0.99997216,1.0,0.7826783,0.78270614
1871056,0.13504876,2.2521245e-12,1.0,0.13504876,0.86495125
2442448,0.11697822,2.1700595e-13,1.0,0.11697822,0.8830218
6948054,0.08191604,3.168061e-08,0.99691373,0.08191601,0.9149977
5706966,0.089452095,0.0014494701,1.0,0.08800262,0.9105479
4476123,0.27531677,0.99989647,0.9997393,0.7245797,0.7244225
5213404,0.14600204,1.0,1.0,0.85399795,0.85399795
9823457,0.12050381,1.5164714e-14,0.9999935,0.12050381,0.87948966
3120355,0.13692151,1.6547199e-07,1.0,0.13692135,0.8630785
6196457,0.13329336,2.2584597e-13,1.0,0.13329336,0.8667066
9518318,0.10047123,4.7014937e-11,1.0,0.10047123,0.89952874
7898352,0.13144591,1.3667469e-11,1.0,0.13144591,0.8685541
7456001,0.2042676,0.008486492,0.9992591,0.19578111,0.7949915
8242434,0.18497007,7.030848e-07,1.0,0.18496937,0.8150299
5299459,0.077338845,2.6270346e-13,1.0,0.077338845,0.9226612
7939330,0.17943706,0.39604813,1.0,0.21661107,0.82056296
8226050,0.1096732,3.915206e-23,0.99998784,0.1096732,0.89031464
6501635,0.1700474,9.580984e-16,0.99811727,0.1700474,0.82806987
6880517,0.11698321,1.0372353e-10,1.0,0.11698321,0.88301677
12256520,0.15480861,3.9478815e-10,0.99999994,0.15480861,0.84519136
12156174,0.07899034,0.00029956692,1.0,0.078690775,0.92100966
4850961,0.09440143,1.0000783e-11,1.0,0.09440143,0.9055986
5088536,0.042924296,1.296539e-12,1.0,0.042924296,0.9570757
5438757,0.0639061,4.7618005e-06,1.0,0.06390134,0.9360939
8260902,0.1094037,2.8052969e-15,1.0,0.1094037,0.8905963
6786348,0.070744105,5.8028392e-21,1.0,0.070744105,0.9292559
8150320,0.16473861,1.254463e-07,0.9999872,0.16473849,0.8352486
6761777,0.1209014,1.6273289e-12,1.0,0.1209014,0.8790986
5856571,0.111126535,2.248266e-06,1.0,0.111124285,0.88887346
3728701,0.13829415,0.16300759,1.0,0.024713442,0.86170584
8099138,0.15889314,2.1411746e-11,0.99999964,0.15889314,0.84110653
6677841,0.09251781,1.1203627e-09,1.0,0.09251781,0.9074822
5735762,0.10754219,1.819988e-10,1.0,0.10754219,0.89245784
12735830,0.08719335,1.0265452e-06,1.0,0.08719232,0.91280663
5094751,0.13113406,6.0927235e-10,1.0,0.13113406,0.86886597
6442340,0.16115206,2.4380331e-11,1.0,0.16115206,0.83884794
6425957,0.10845432,4.2319197e-11,1.0,0.10845432,0.89154565
9006449,0.10894551,0.00043897837,0.9999977,0.10850653,0.8910522
4271474,0.061191745,0.03951718,1.0,0.021674566,0.93880826
9973109,0.14679563,0.9967193,1.0,0.8499237,0.85320437
12404086,0.06258399,0.000973952,1.0,0.06161004,0.937416
4263293,0.078818165,1.3572817e-09,0.9999013,0.078818165,0.92108315
12365184,0.07472811,0.9930241,1.0,0.918296,0.92527187
7183745,0.30634192,0.999978,0.9999969,0.69363606,0.693655
6522242,0.11928654,1.3407834e-09,1.0,0.11928654,0.88071346
3962243,0.11126214,9.041216e-15,1.0,0.11126214,0.88873786
4914566,0.084929615,3.678802e-12,1.0,0.084929615,0.9150704
8689031,0.12917905,6.209133e-11,1.0,0.12917905,0.87082094
3442055,0.11026323,1.2072844e-15,1.0,0.11026323,0.8897368
6442377,0.13363527,4.942838e-09,1.0,0.13363527,0.8663647
6462863,0.036330935,2.1348934e-12,1.0,0.036330935,0.96366906
7703955,0.2198441,0.7935352,0.99999964,0.57369107,0.78015554
9950612,0.05031786,1.226654e-08,0.99999934,0.05031785,0.94968146
9897364,0.19658576,3.064534e-12,0.99999595,0.19658576,0.8034102
11875734,0.045415767,6.0223195e-20,1.0,0.045415767,0.95458424
6587796,0.069611415,2.175559e-13,1.0,0.069611415,0.93038857
11507101,0.19267288,0.9999991,1.0,0.8073262,0.80732715
7286173,0.102537386,1.1490349e-10,1.0,0.102537386,0.8974626
12600735,0.1641131,1.03907286e-10,0.9999799,0.1641131,0.8358668
9946525,0.087680295,1.3675697e-07,1.0,0.08768016,0.9123197
9782691,0.095631026,4.3235035e-14,0.99999994,0.095631026,0.90436894
6364582,0.15247363,3.4801279e-10,0.999999,0.15247363,0.84752536
8355239,0.16461435,1.1967818e-07,0.99774337,0.16461423,0.83312905
5629353,0.14119986,5.694763e-09,0.9998419,0.14119986,0.8586421
7810483,0.07547802,5.453327e-08,1.0,0.075477965,0.924522
8611257,0.12800738,0.00013022502,0.9999994,0.12787716,0.871992
8558011,0.09409874,1.2286711e-06,1.0,0.09409751,0.90590125
5461440,0.18422647,2.099813e-05,0.9999409,0.18420547,0.8157144
6528464,0.12660109,4.6194756e-11,1.0,0.12660109,0.8733989
8570333,0.15853816,3.780894e-10,1.0,0.15853816,0.84146184
5121511,0.16920054,4.6374736e-12,0.99999994,0.16920054,0.8307994
7288306,0.16736439,0.0005438619,1.0,0.16682053,0.83263564
11449844,0.065136075,4.578416e-18,1.0,0.065136075,0.9348639
9881077,0.054791406,4.8758994e-07,1.0,0.054790918,0.9452086
5301750,0.10658146,4.9231244e-07,0.9999983,0.106580965,0.8934168
8183288,0.07225395,3.406095e-05,0.9970329,0.072219886,0.92477894
9995771,0.18239608,6.780781e-09,1.0,0.18239608,0.81760395
9641481,0.092045814,7.6880826e-07,1.0,0.09204505,0.9079542
5864975,0.13599792,5.320765e-12,1.0,0.13599792,0.8640021
8494617,0.14150679,1.8814279e-14,0.9504833,0.14150679,0.80897653
9661979,0.13116023,6.447518e-11,1.0,0.13116023,0.86883974
8367644,0.1528573,5.341199e-07,0.9999999,0.15285677,0.8471426
8480285,0.09063529,1.7238045e-06,1.0,0.09063357,0.9093647
6604328,0.17307884,2.633488e-08,0.99999195,0.1730788,0.8269131
9031209,0.09295063,0.0021984274,1.0,0.0907522,0.90704936
9958962,0.09631695,6.738803e-06,0.9999749,0.09631021,0.903658
9072190,0.14140405,0.5968818,1.0,0.45547777,0.85859597
12254792,0.19976409,1.689567e-13,0.9983761,0.19976409,0.798612
3640905,0.1249438,0.00025255923,1.0,0.12469124,0.8750562
6221385,0.10631526,2.4840796e-12,1.0,0.10631526,0.89368474
5688910,0.0844514,6.8046354e-08,1.0,0.08445133,0.9155486
6776401,0.037870295,4.376156e-09,1.0,0.03787029,0.9621297
4939346,0.27351186,0.8966755,1.0,0.6231637,0.7264881
12404305,0.22439092,0.99999,1.0,0.77559906,0.7756091
8822366,0.10770495,1.0045534e-08,1.0,0.107704945,0.89229506
6071903,0.15684992,6.396388e-12,0.99973553,0.15684992,0.8428856
8410727,0.15130226,3.2009092e-07,1.0,0.15130195,0.8486977
5768816,0.058530614,5.0414303e-07,0.9999943,0.05853011,0.94146365
7366258,0.10544729,0.00013773906,1.0,0.10530955,0.8945527
7515762,0.21864296,0.00013567517,0.9994739,0.21850729,0.780831
3348082,0.1771727,0.93431735,1.0,0.75714463,0.8228273
6696580,0.22965202,1.0,1.0,0.77034795,0.77034795
11669125,0.14233866,2.8198448e-08,1.0,0.14233863,0.85766137
7761545,0.11617771,5.01434e-13,1.0,0.11617771,0.8838223
12306058,0.17663944,1.06165236e-10,0.9999991,0.17663944,0.82335967
6422155,0.076736994,1.4606699e-06,0.999997,0.076735534,0.92326003
9401997,0.13581143,6.9089827e-09,1.0,0.13581143,0.86418855
8672910,0.20388113,1.0195164e-09,0.42150792,0.20388113,0.2176268
5631630,0.16191421,8.285294e-09,0.99999005,0.1619142,0.8380758
9285265,0.11787288,7.834463e-06,1.0,0.11786504,0.8821271
9100953,0.33449802,1.0,1.0,0.66550195,0.66550195
6975129,0.096081935,2.4337796e-09,1.0,0.096081935,0.9039181
9729691,0.056941677,1.705097e-09,1.0,0.056941677,0.9430583
12154526,0.15702085,2.8229108e-09,1.0,0.15702085,0.84297913
8613535,0.08314165,2.6556114e-19,0.99725753,0.08314165,0.9141159
9146018,0.1253557,7.201035e-21,1.0,0.1253557,0.8746443
12418724,0.18129282,0.9837542,1.0,0.8024614,0.81870717
12785320,0.15727933,2.7995206e-10,1.0,0.15727933,0.8427207
8609450,0.084887154,1.0,0.9999999,0.91511285,0.91511273
6026924,0.14674628,9.5543476e-11,1.0,0.14674628,0.8532537
11601584,0.112345465,1.057708e-12,0.99999994,0.112345465,0.8876545
8806072,0.1529383,3.839561e-11,0.998883,0.1529383,0.8459447
8160953,0.061796945,8.384577e-08,0.9938381,0.06179686,0.9320411
7534267,0.14907743,0.0008429403,1.0,0.14823449,0.8509226
6508221,0.12949084,0.00025301377,1.0,0.12923783,0.87050915
6037187,0.15243202,0.93228763,1.0,0.7798556,0.847568
9230021,0.27226806,1.0,0.9999999,0.72773194,0.7277318
3118797,0.29443616,0.99749494,0.99999964,0.7030588,0.7055635
11656918,0.15869103,4.2668384e-07,1.0,0.1586906,0.84130895
11720424,0.041660555,1.858421e-13,0.99999267,0.041660555,0.9583321
6268648,0.1755771,6.96961e-07,1.0,0.1755764,0.8244229
5562090,0.14765947,1.0,1.0,0.8523405,0.8523405
8806123,0.1230274,7.5465834e-08,1.0,0.123027325,0.8769726
5175024,0.13409309,5.2716434e-05,1.0,0.13404037,0.8659069
11669239,0.05953795,0.99943465,1.0,0.9398967,0.94046205
6448890,0.12802048,7.7797946e-13,1.0,0.12802048,0.87197953
8892157,0.13579336,8.7975076e-16,0.9999998,0.13579336,0.86420643
9447166,0.092105724,1.0733225e-07,1.0,0.09210562,0.90789425
11521793,0.16732095,2.8008907e-08,0.99998057,0.16732092,0.8326596
8240904,0.11531992,0.19552416,1.0,0.08020423,0.8846801
3120904,0.12621786,3.1458391e-10,1.0,0.12621786,0.87378216
7626506,0.13143584,5.3159016e-10,1.0,0.13143584,0.8685641
12066569,0.08653424,7.374976e-06,1.0,0.08652686,0.91346574
4175630,0.11911872,1.3913263e-15,0.99996555,0.11911872,0.88084686
6960913,0.08122533,5.863396e-06,0.99999964,0.081219465,0.9187743
5613330,0.11608186,3.808129e-06,1.0,0.11607806,0.88391817
7102227,0.123536065,2.5238926e-11,1.0,0.123536065,0.87646395
9828127,0.0993292,2.4127786e-08,1.0,0.09932918,0.90067077
6962977,0.31434035,1.0,1.0,0.68565965,0.68565965
8081187,0.090588346,1.27505375e-08,1.0,0.09058833,0.90941167
8890150,0.1247349,0.0013999463,0.99701273,0.12333495,0.87227786
8017703,0.11488672,8.141248e-14,1.0,0.11488672,0.8851133
2854698,0.15270148,3.5898283e-12,0.99857163,0.15270148,0.84587014
7663405,0.014994515,0.060424343,1.0,0.045429826,0.9850055
8417078,0.089720406,6.554707e-09,1.0,0.0897204,0.9102796
4282191,0.11326643,2.224587e-09,1.0,0.11326643,0.8867336
8077137,0.12661801,4.4759956e-13,1.0,0.12661801,0.873382
3966801,0.24202631,0.9673382,0.9952193,0.7253119,0.75319296
5351250,0.13276194,1.3355644e-12,0.9950612,0.13276194,0.86229926
8056665,0.1497474,6.4700316e-09,1.0,0.1497474,0.8502526
9244508,0.1553388,5.049329e-05,1.0,0.1552883,0.84466124
8959839,0.21833704,0.651224,0.99999756,0.43288696,0.7816605
7747425,0.11309883,7.9726414e-07,1.0,0.11309803,0.88690114
9787239,0.13969503,3.8596373e-10,0.9973906,0.13969503,0.8576956
7102316,0.17495772,3.0394688e-07,1.0,0.17495742,0.82504225
6678383,0.16756895,1.6197377e-10,1.0,0.16756895,0.8324311
3217264,0.16703491,2.9497037e-06,1.0,0.16703196,0.8329651
5183357,0.13426104,3.4849634e-10,1.0,0.13426104,0.865739
9965439,0.17276528,6.2966515e-10,1.0,0.17276528,0.82723475
6705026,0.22242768,1.0,0.99999976,0.77757233,0.7775721
9838468,0.119905606,8.073934e-10,0.9999986,0.119905606,0.88009304
9904006,0.07953284,3.041765e-08,1.0,0.07953281,0.92046714
11974540,0.14281721,7.855692e-13,0.9999999,0.14281721,0.8571827
4157325,0.11682658,1.1893264e-06,1.0,0.11682539,0.8831734
7430034,0.12349783,2.5920149e-06,1.0,0.123495236,0.87650216
5640085,0.11816432,2.503262e-08,0.99999994,0.1181643,0.88183564
5709725,0.07268981,1.1433142e-13,1.0,0.07268981,0.92731017
4636578,0.09400409,3.2835616e-11,0.9990253,0.09400409,0.9050212
5695396,0.1187682,4.293431e-12,1.0,0.1187682,0.8812318
5511081,0.12270708,7.480247e-08,1.0,0.122707,0.87729293
6125481,0.22367126,3.1218313e-08,0.9997228,0.22367123,0.7760515
1718189,0.15576959,0.113312006,1.0,0.04245758,0.8442304
8636333,0.1494557,6.2596706e-11,1.0,0.1494557,0.85054433
8738735,0.1047601,1.259616e-10,1.0,0.1047601,0.8952399
7870390,0.18692797,0.009330441,0.99998677,0.17759754,0.8130588
11560897,0.11358802,4.2953072e-08,1.0,0.113587976,0.88641196
8611781,0.124607705,3.0228365e-11,1.0,0.124607705,0.8753923
6850504,0.10104775,1.8268418e-07,1.0,0.10104756,0.89895225
11968463,0.18517412,1.0,1.0,0.8148259,0.8148259
6584273,0.15809913,4.9844705e-11,0.99999964,0.15809913,0.8419005
4077526,0.072206326,8.254796e-37,0.99885315,0.072206326,0.9266468
8738775,0.09906384,6.7739165e-09,1.0,0.099063836,0.9009361
5269467,0.15408035,4.328936e-09,1.0,0.15408035,0.84591967
8007644,0.19401476,3.8571875e-06,0.99995494,0.1940109,0.80594015
5113822,0.09668574,0.00076294324,0.9999998,0.09592279,0.9033141
8394721,0.09255227,1.9619797e-15,1.0,0.09255227,0.90744776
9471974,0.12226717,2.37501e-15,0.99979955,0.12226717,0.87753236
3323887,0.105492085,0.0010551076,0.9976684,0.10443698,0.8921763
4472818,0.08363868,2.0236393e-10,1.0,0.08363868,0.91636133
7098355,0.15091729,0.98962605,1.0,0.83870876,0.8490827
4466677,0.08365482,1.7973e-06,1.0,0.083653025,0.9163452
11802615,0.055330932,1.6824362e-07,1.0,0.055330765,0.94466907
3561464,0.10631146,4.384613e-12,1.0,0.10631146,0.89368856
9480189,0.057322003,7.788834e-10,1.0,0.057322003,0.942678
